Peptide,Sample1,Sample2,Sample3,Sample4,Sample5,Sample6,Sample7,Sample8,Sample9,Sample10,Sample11,Sample12,Sample13,Sample14
AINPSKENL,32317741.17,14975846.5,,81830292,8.59E+07,1.96E+07,2.99E+07,,17639130.07,1.84E+07,315859.1633,2010758.377,,33068806.17
ALPQYLK,16154147.85,,32658377.57,27924208,1.07E+07,,,2.90E+06,,,,,5049696.329,1.23E+07
ALPQYLKT,1475653377,1211319.251,3.98E+09,2006785421,7.93E+08,3.09E+08,1.53E+08,5.50E+07,,,24419619.04,,1.00E+07,4.02E+08
AMAPKHKEMPFPKYPVEPF,,,7.41E+05,,2.93E+05,9.97E+05,5.57E+05,1.50E+06,,,1.05E+06,,,2.93E+06
AMKPWIQPK,5174654.8,8.21E+07,45279201.07,1.02E+08,1.42E+07,8.95E+06,1.56E+07,1.16E+08,6556382.641,,6878372.615,39475799.47,31368663.17,
AMKPWIQPKT,72867653.18,6.57E+06,1.24E+08,85140115.5,43367575.24,5.44E+07,5.41E+07,2.48E+07,,,3.12E+07,1.02E+08,5.95E+06,
AMKPWIQPKTK,145538010,,181791531.4,2509392.25,3.64E+07,33534972.82,3.04E+07,3.84E+07,8.03E+06,,6372835.417,5.29E+06,5.00E+06,4959433.874
AMKPWIQPKTKVIP,,,,,2.35E+06,6.14E+05,1.48E+06,,,1.08E+06,4.03E+05,5.97E+05,,3.23E+05
APFPEVF,13336477.27,59942241.81,1876995.052,23726548.5,1.02E+07,3.71E+06,2.92E+06,2919659.184,7.98E+06,12890579.49,2888371.421,7.98E+06,1432037.522,6969864.148
APFPEVFG,6188977.114,1.90E+08,65130.47175,28643411,7.47E+06,3.11E+06,2.25E+06,1.95E+06,4.10E+06,6.20E+06,2.23E+06,2135489.226,1.46E+05,2.01E+06
APFPEVFGK,781393781.9,364079613.8,49654471.78,8.65E+08,288854982.4,4.72E+07,3.88E+07,1.04E+07,8.96E+06,2.60E+07,10662861.11,1.09E+07,5.49E+06,5756014.787
APFPEVFGKE,456457065.3,6.08E+08,4.40E+07,7.37E+08,433672152.3,1.43E+08,1.03E+08,2.85E+07,14758053.6,1.94E+07,26964442.44,3.35E+06,1.02E+07,5076220.315
APFPEVFGKEK,191726136.8,5.63E+08,1.34E+07,54130640.06,1.41E+08,4.73E+07,4.16E+07,1.82E+07,4.09E+07,36308513.18,1.19E+07,9.45E+06,1.33E+07,4.28E+06
APFPEVFGKEKV,122412801.4,2.32E+08,1.18E+07,9.50E+07,3.76E+07,1.38E+07,1.57E+07,1.34E+06,6332208.86,3.28E+06,,5949811.661,8.07E+06,
APFPEVFGKEKVNEL,400235.8142,7366922.918,139354.7627,1925326.063,8.95E+05,1.88E+05,7.31E+05,4.36E+05,,,3.65E+05,,262663.1427,2.12E+05
APKHKEMPFPK,,,,,,6.49E+05,8.40E+05,6.54E+05,,,,,,2046958.123
APKHKEMPFPKYP,,3.49E+05,,1600843.75,15832304.92,1.34E+07,9.19E+06,7.59E+07,4.22E+06,3.80E+06,,,6.44E+07,58032377.75
APKHKEMPFPKYPVEP,,,,,2.64E+06,2592902.65,2.54E+06,1031748.918,,5.43E+06,,,,
APKHKEMPFPKYPVEPF,1167332.166,,3.99E+07,,2.44E+07,3.94E+07,2.98E+07,2.23E+07,,,20462907.85,,1.64E+06,1.75E+08
APKHKEMPFPKYPVEPFTE,,,,,3.51E+06,4.50E+06,1.15E+07,4.19E+06,,,1.03E+06,,,321259.8116
APKHKEMPFPKYPVEPFTESQS,,,934567.6666,,1.53E+06,1.29E+06,1.52E+06,,,2099269.197,,,,
APSFSDIPNPIGSE,,9.85E+04,53050.29634,584120.0469,1.62E+05,9.25E+04,8.85E+04,2.86E+05,,,2.03E+05,1.25E+05,2.98E+05,1.32E+06
APSFSDIPNPIGSEN,101792.6238,2.81E+05,654019.9259,609373.25,,,,111693.6057,,,117496.5715,,107546.4669,7.30E+05
AQTQSLVYPFPGPIPN,708117.9175,2.16E+05,2970487.356,9.15E+04,2.18E+06,5.90E+06,9986458.213,2533524.147,,,,,5003589.045,4640445.301
AQTQSLVYPFPGPIPNSLPQN,,,1.32E+05,,9.49E+05,7.52E+05,3.50E+06,2.69E+06,,,,,7060282.622,185329.1567
ARHPHPHL,473004.2152,1.55E+06,880839.6443,833400.1719,60077977.71,206914205,164406724.5,196015898.3,367116794,2.90E+08,2.87E+08,3.48E+08,193294244.6,163427521.4
AVATWLKPDPSQKQT,2214923.385,4.15E+06,,282810.1875,,,,,2.64E+06,,,,,2347625.819
AVPITPT,,1.11E+08,179432757.8,146026136,1.09E+08,109569026.2,1.02E+08,2.23E+08,2.27E+08,2.19E+08,2.08E+08,4.21E+08,104828399.7,123186552
AVPITPTLNRE,,1009024.833,,2513404.5,4.06E+06,2.53E+06,2.15E+06,3.25E+06,,,,,,
AVPITPTLNREQL,1543441.989,4.04E+06,2.79E+06,10071494,4.59E+06,3.82E+06,6.68E+06,8.42E+06,2.64E+06,3.84E+06,1.61E+06,5.16E+06,9.70E+06,1.01E+07
AVPYPQ,438591780.9,1.73E+09,1334156391,7.31E+08,3.26E+08,1.08E+09,2.46E+09,3579406062,1641786239,1.89E+09,5.08E+09,4.94E+09,3025806665,1.04E+09
AVPYPQRDMP,91377987.14,303885920.6,149102208.5,76552194,6.49E+07,1.13E+08,1.54E+08,2.40E+08,3.12E+07,5.12E+07,1.66E+08,3.89E+07,1.56E+08,1.46E+08
AVPYPQRDMPIQA,20637983.83,31440002.26,15201517.25,15691207,,3.68E+06,5.12E+07,,,,51181004.21,,1747220.584,58936951.48
AVPYPQRDMPIQAF,714944.0439,,1286914.298,,1.54E+05,2.71E+05,2.15E+05,,,,3214908.532,,,171882.0742
AYPSGAW,3764124.021,3.17E+07,11444495.63,10300351,4.93E+06,9696981.101,1.22E+07,1.22E+07,17361193.79,27706968.02,24449575.86,6.05E+07,2.00E+07,4.76E+06
DAYPSGAW,10666018.81,2.45E+07,1.42E+07,12161361,25097490.57,15185972.88,1.34E+07,8.68E+06,9.79E+06,9.47E+06,44333027.77,11499843.22,1.42E+07,8186548.257
DELQDKIHP,,2.93E+07,4514248.329,,,5165557.727,1.62E+07,6.76E+06,5.86E+07,14467490.31,22632234.79,54189107.99,1.19E+07,7995037.407
DELQDKIHPF,84379555.85,3.56E+08,2.66E+08,95235089.75,3.75E+08,268040902.8,259400160.2,200638100.3,4.14E+08,304746596.5,1.68E+08,9.05E+08,2.81E+08,161124845.3
DELQDKIHPFA,,1.87E+07,,,2.98E+06,,20567999.61,1.51E+07,12996653.88,22556938.93,,1410407.236,23315210.36,
DIPNPIGSE,2777207.451,8044623.22,2.34E+06,10633920.69,2.73E+07,1.94E+07,3.17E+07,4.27E+07,89432748.96,36107370.96,3.96E+07,109865522.9,2.10E+07,1193688.539
DIPNPIGSEN,1820483.803,18709633.31,2.90E+06,5152810.375,2.02E+07,1.21E+07,1.89E+07,3.20E+07,86683724.65,63526466.67,3.86E+07,79834198.95,6.42E+07,53496569.37
DKIAKYIP,3441557.467,793141.024,4625502.02,6518830.25,2.57E+07,3.54E+07,3.43E+07,,,,9644595.123,,30399656.54,
DKIAKYIPI,5427701.244,,4499295.077,,9.97E+06,7.68E+06,3.40E+06,,,,,,,49328964
DKIHPF,782670470.1,19484081852,3594877695,6681423921,10372211354,7447391142,7.50E+09,12887554870,6.99E+09,2.13E+10,9171148493,3.28E+10,1.54E+10,4270393278
DKIHPFA,,,,4709377,,2.09E+07,6.00E+07,7.46E+07,4.52E+06,2.33E+07,,3.85E+07,1.65E+08,
DKIHPFAQ,,3.17E+06,4605128.122,14765465,,28537853.56,4.04E+07,2.61E+07,,1.30E+07,,17672802.8,2.81E+07,
DKIHPFAQTQSLVYPFPGPIPN,416608.5594,,47087.0222,,31835.99582,,,,,,,,,1320511.754
DLISKEQIVIR,13395073.79,6.02E+06,4917728.75,2.21E+07,1.93E+06,,,,,,,,,
DMPIQA,285399135.3,5.68E+08,159989241,3.83E+08,261939314.9,8.34E+08,773275396.3,7.35E+08,1.33E+09,7.93E+08,7.55E+08,1.56E+09,8.17E+08,307624746
DMPIQAF,93955668.22,1.35E+08,55795910.81,137748456,5.21E+07,1.22E+08,9.45E+07,2.65E+07,2.67E+07,13367817.5,1.09E+08,1.19E+08,5.13E+07,4.91E+07
DVENLHLPL,,132372.1556,99995.17939,,279444.9456,1089620.362,1.48E+06,3.37E+06,353711.8275,,4.79E+06,3084205.569,1.76E+06,7.61E+05
DVENLHLPLP,2121685.274,13852984.67,3980471.095,1346167.844,2.65E+06,1.67E+07,1.86E+07,2.01E+07,765193.6866,609125.6723,3.30E+07,4647488.933,1.17E+07,2.29E+06
DVENLHLPLPL,969278.0282,1.42E+07,8.11E+06,,6.76E+06,3.61E+07,3.95E+07,1.03E+08,,,2.50E+07,,6.72E+07,3.33E+07
DVENLHLPLPLL,,4.14E+07,1600787.813,647103.9375,7153073.488,1.10E+07,2.51E+07,5.82E+07,,1.17E+06,1.08E+06,,5.71E+07,6654192.781
DVENLHLPLPLLQS,228909.7035,1062963.247,9986110.538,117558.8984,2924610.633,1.60E+07,1.51E+07,2.49E+07,,,1.03E+06,,1.90E+07,6.96E+06
DVENLHLPLPLLQSW,608760.1937,,7.85E+05,,3.13E+05,7.68E+05,1.21E+06,3.98E+05,,,3.41E+05,,5.07E+05,1.44E+06
DVPSERY,413839980.7,1372337579,2.40E+09,710344768,3.49E+09,1.18E+09,6.88E+08,2.78E+08,369835989.8,352938301.3,1.08E+08,720373865.5,1.08E+08,3.77E+07
DVPSERYL,484425471.2,6.00E+08,912599545.5,769771348,2753419231,7.95E+08,4.73E+08,2.01E+08,4.25E+07,9.82E+07,1.78E+08,333868593.4,2.54E+07,141728741.1
DVPSERYLG,200394316.1,1.26E+08,4.27E+08,408657178,1.82E+08,45282636.89,3.29E+07,2.71E+07,5129912.184,9.72E+06,15896702.31,53473074.43,2.11E+07,14249378.67
DVPSERYLGY,88983797.76,52855869.04,214907274.7,152949463.6,1.22E+08,23597483.33,1.72E+07,7.21E+06,8.01E+06,7363035.895,7.05E+06,6.70E+06,3889720.929,13882109.05
DVPSERYLGYL,844015.7323,1534723.617,586640.2285,748727.3594,1322775.71,5.12E+05,1.05E+06,9.40E+05,,171921.4328,,170320.1546,7.86E+05,1.07E+06
DVPSERYLGYLE,488679.0143,3.84E+06,629588.3318,1206787.875,4.30E+06,8.52E+05,1.83E+06,676004.8663,,,,,,1804072.37
DVPSERYLGYLEQ,627363.1777,,895200.3797,,3685922.833,9.52E+05,7.09E+05,,,,,,,
DVPSERYLGYLEQL,1168880.038,1624308.045,3076783.234,1065977.094,2.13E+06,2.38E+05,5.31E+05,2.92E+05,,,,,,375014.4489
EAMAPKHKEMPFPKYPVEPF,,,4405606.571,,3.54E+06,9.35E+06,5.88E+06,6.08E+06,,,2.79E+06,,2.24E+05,1.35E+07
EAMAPKHKEMPFPKYPVEPFTE,,,,,1.54E+06,1.31E+06,2.27E+06,1.92E+06,,,1.29E+05,,,1851274.49
EDELQDKIHP,,42887669.11,,,,4.70E+06,2.12E+07,1.20E+07,43249984.42,11452248.26,,29458890.02,,
EDELQDKIHPF,3545567.699,3.23E+07,10694808.59,3678860.094,5.26E+07,4.12E+07,6.01E+07,57554466.98,81039717.46,35045042.19,3.49E+07,202605120.2,36118709.39,21002746.63
EDELQDKIHPFA,,2.79E+07,,,,3.03E+06,3.05E+07,1.93E+07,4.55E+06,2.77E+07,,,2.96E+07,
EDVPSERYL,46910764.36,509341284.6,24947399.79,56652358,4.64E+08,1.78E+08,1.60E+08,,,,,156403406.9,,1.93E+07
EDVPSERYLG,22652249.06,2.48E+08,16662222.56,16714146,3.43E+07,13285894.64,13310716.57,1.62E+07,,2.40E+07,8.74E+06,4.32E+07,1.25E+07,
EDVPSERYLGY,3403883.534,30846672.24,10093973.68,3198835.375,26576003.26,6599931.597,6.25E+06,5.97E+06,,3.63E+06,2.47E+06,6329307.858,3.91E+06,1025369.981
EDVPSERYLGYL,,12548093.6,208646.1416,,3.01E+05,4.54E+05,1.98E+06,2.64E+06,,816519.1528,,355047.7567,2.79E+06,8.71E+04
EDVPSERYLGYLE,,20191707.74,,416765.9375,4.72E+05,8.15E+05,2.00E+06,1.47E+06,,,4.23E+05,,5.38E+05,
EDVPSERYLGYLEQL,41928.59694,6.67E+06,963549.7246,,1.11E+06,2.74E+05,7.09E+05,1.10E+06,,,,,3.19E+05,
EELNVPGEIVE,,1289103.989,,,3.69E+07,7.96E+06,5.33E+06,3.38E+06,1.55E+06,1.17E+06,2.60E+06,9.01E+06,2.00E+06,6.46E+06
EILEIRI,3030621.187,6.96E+05,328301.2875,2.59E+06,2.15E+05,114014.316,9.14E+04,,,,,,,102038.2787
EKNRLNFL,6815536.277,,,5.97E+06,2777532.517,2691841.732,5487740.458,,,,2688044.803,,,9504166.463
ELKPTPEGDLEIL,32069.78778,4.49E+05,,,329114.2486,6.87E+05,6.27E+05,2.92E+06,186852.7494,63224.66573,1.26E+06,440606.2635,1.24E+06,74372.48371
ELKPTPEGDLEILL,,5.88E+06,,,,,,206531.2693,3.27E+05,2.87E+05,173449.0933,183215.9383,293609.7214,
ELNVPGEIVE,,967968.6649,,2038216.75,5.63E+07,1.59E+07,5.96E+06,7205609.847,709232.2927,1318776.002,3676187.305,5286184.779,1947763.639,4.38E+06
ELQDKIHP,101652229.7,251173624.5,218508365.4,1.59E+08,83523673.57,8.15E+07,1.59E+08,186772835.6,2.56E+08,203664861.4,175559099.9,81397479.18,1.31E+08,
ELQDKIHPF,1162810692,3.35E+08,1606520695,1638058722,716831559.7,7.91E+08,6.44E+08,8.93E+08,5.17E+08,5.01E+08,1019587215,3.09E+08,4.85E+08,552785712.4
ELQDKIHPFA,,3.36E+07,,,2.58E+06,3707455.195,38798636.38,2.97E+07,46624919.18,116187324.7,,4098693.961,81134101.49,
ELQDKIHPFAQT,774588.5165,6490928.22,,,1.17E+06,,1.52E+07,5.34E+06,,,,,21835446.33,2120618.55
EMPFPK,5196023.642,1.42E+08,18280703.35,1.60E+07,13059627.48,35865783.97,8.49E+07,1.12E+08,1.32E+08,1.09E+08,104237196.4,143099924.7,2.05E+08,15055586.78
EMPFPKYP,480625.0411,,4.47E+06,6799996,5359211.553,7179376.944,9281372.206,39287564.66,1.39E+07,13497747.5,16920317.39,22848052.11,3.43E+07,13083086.4
EMPFPKYPVE,,,,,9.58E+05,1.63E+06,2.59E+06,3.04E+06,612326.2191,267442.4716,3.73E+06,338970.9459,5.28E+06,1.43E+06
EMPFPKYPVEP,1773444.392,11357281.56,1.16E+06,2871021.625,1.90E+07,5.48E+07,9.61E+07,116952579.1,8699396.549,10377232.11,1.51E+08,10838712.32,56986749.54,2.20E+07
EMPFPKYPVEPF,2046053.979,1.47E+06,8.53E+06,5.07E+05,1.34E+07,55620365.25,57443739.39,109207579.3,320346.6448,740016.9487,105287109.4,4.04E+06,105143992.3,51715053.37
EMPFPKYPVEPFT,30813.00137,,51921.53086,,8.23E+05,1.09E+06,5.79E+06,3.85E+06,,3.00E+05,3.18E+06,2.97E+05,1.02E+07,2.13E+06
EMPFPKYPVEPFTE,1035567.892,1.31E+06,6.75E+05,51124.60938,5.68E+06,9.38E+06,3.16E+07,9.74E+06,2.60E+05,4.31E+05,8.97E+06,7.37E+05,1.26E+07,1.72E+07
EMPFPKYPVEPFTES,,4214815.702,2.92E+05,,1150849.625,1754742.876,7.99E+06,8.00E+06,256283.2017,1.25E+06,3490267.048,1110021.795,17038102.98,5050586.446
EMPFPKYPVEPFTESQ,390501.1193,,6.25E+05,,1.12E+06,4.12E+06,1.10E+07,3.80E+06,,,1.97E+06,9.76E+04,4.13E+06,7.10E+06
EMPFPKYPVEPFTESQS,747353.282,380287.3509,596485.6754,,5.86E+06,1.97E+06,6.59E+06,9.31E+06,,318000.066,1.08E+07,529461.3076,6.51E+06,16410813.93
EMPFPKYPVEPFTESQSLT,94648.8459,,79175.00328,,1095470.418,,9.30E+05,,,,1085348.69,,5.18E+05,5717593.627
ENLHLPLP,,221626.4841,44271.28614,,114108.4669,4.28E+05,388070.3011,4.89E+05,,,9.82E+05,300294.0791,1.91E+05,
ENLHLPLPL,190469.4931,6.67E+05,326614.8055,370863.9375,5.91E+05,1.68E+06,2.86E+06,5279263.979,,,2.06E+06,883752.3419,3.18E+06,1534475.832
ENLLRF,13290815586,2.56E+09,1.00E+10,1.37E+10,6.68E+07,1.11E+08,1.18E+08,13011759.68,1.13E+07,3.07E+06,1.48E+07,1.34E+07,4.67E+07,1.74E+08
ENLLRFF,223293.0047,,231356.4535,213751.3438,1.14E+05,107992.9802,,,,,,,,
EPMIGVN,24223037.43,8.51E+07,6964928.15,16857336.5,,,1.54E+06,2.38E+06,10388521.03,12202005.83,3.45E+06,9.77E+06,9.26E+06,
EPVLGPV,621457.5018,5321450.094,,756235.2969,11961368.07,6.17E+06,3628092.883,,,,,,9.37E+05,3.23E+06
EPVLGPVR,6281726.326,1.25E+09,9442141.937,49256545.38,452240441.9,170979696.6,209173025.1,,,,1.59E+08,3.78E+08,,
EPVLGPVRGP,5491812.782,1.15E+08,,18124692,6463053.839,2.63E+06,3.34E+06,,9.10E+06,3.94E+06,,4.79E+07,,
EPVLGPVRGPF,,,,,6.30E+07,3.31E+07,2.07E+07,1895366.671,10911831.14,2.08E+06,12525049.81,8086234.467,25573456.28,2.60E+07
EPVLGPVRGPFP,8759972.71,2.68E+06,3.12E+06,2.04E+07,1.13E+08,6.76E+07,4.13E+07,6.97E+06,,1.75E+05,1.14E+07,3.04E+05,5.29E+06,20108038.93
EPVLGPVRGPFPI,,223281.2924,,,4.67E+07,19339895,1.41E+07,3536169.6,,,6321654.282,171055.0528,5.76E+06,9.10E+06
ERYLGYL,38865155.41,2918908.621,1.33E+06,41128358,1.91E+06,2.55E+06,9.17E+06,1.93E+06,,2113761.914,1.92E+06,1302262.156,9525010.31,1362690.95
ERYLGYLE,135237118.7,,,1797676.625,,2.18E+06,,,,,2.06E+06,,2.04E+06,
ERYLGYLEQ,50379708.7,,6.74E+06,1.26E+06,5.35E+06,5102346.296,8467748.494,,,,5645235.636,,,1.34E+07
ERYLGYLEQL,40239382.1,4159872.165,3.84E+06,65440278.84,4.03E+06,2.55E+06,4.05E+06,1.75E+06,,210563.7625,1.33E+06,,1793573.183,3.58E+06
ERYLGYLEQLLR,199476.8046,,1.05E+05,,1.02E+05,34281.70661,94077.32601,203437.9634,,50936.07502,59014.05392,,85914.9155,64235.78032
EVKITVD,928799.0551,,,,4.10E+06,3.78E+06,,,12323925.22,,,98333634,8.64E+06,5.96E+06
EVKITVDDKHYQ,1402364.048,,,2905457.25,,2958916.016,2.28E+07,3.72E+06,8.58E+06,,1.51E+06,6.69E+07,1.28E+07,
EVKITVDDKHYQK,,1685236.411,578163.2826,,1385752.323,,,,40720336.13,,1.57E+07,6.52E+07,9.92E+06,
EVLNENLLRF,733919175,33408064.29,357891993.6,320322453.1,3691428.342,4.04E+06,1419690.595,,,,295429.379,7.53E+05,3.11E+05,17194901.5
FALPQYLK,,2939888.537,,,4.08E+05,8.28E+06,,1.74E+06,,,,,,8.08E+05
FAQTQSLVYPFPGPIPN,589786.8471,,1738744.045,19716.56641,1.70E+06,7.19E+05,8.80E+05,,,,,,,391647.5398
FLKKISQR,10040276.48,,2243670.995,200731.4688,2.33E+06,2.20E+06,9.68E+05,2.86E+06,,,2.22E+06,,2.24E+06,
FLLYQEPVLGPVR,69705.71524,1.08E+05,875433.1309,62755.70313,4.43E+04,,,,,,,,,
FLQPEVM,36364512.84,3.83E+07,47363325.18,69524275.5,1.71E+07,1.76E+07,3.01E+07,6.07E+07,5.34E+05,7.42E+06,2.01E+07,9.72E+06,2.59E+07,1.11E+07
FNILRF,404302.1144,117389.2744,150378.8707,1878172.563,,,,,,,,,,
FPEVFGK,69603659.39,1.60E+08,1.67E+07,33578031,9.36E+07,7.33E+06,4.68E+06,,,,,1.69E+06,,
FPEVFGKE,30944729.69,145735664.6,9693201.37,34618927,40392131.1,3.91E+06,4.25E+06,,2516363.424,,,2021873.513,,
FPEVFGKEK,1059308.687,22479400.87,,333015.75,3.79E+07,,,,4914985.515,,,,,
FPGPIPN,163545294.1,6.54E+08,335189283,407055064,1292178953,2254185967,1456115737,2298123533,4.31E+09,1.93E+09,2671945310,1151069917,2.21E+09,1220200670
FPGPIPNS,433088.6872,8232235.024,686474.5694,515496.1875,212957.4459,2.79E+05,2.46E+06,7.69E+05,9750657.735,5.29E+06,286359.1551,10829572.61,,
FPKYPV,10232869.59,6.98E+07,2.36E+07,1.43E+07,7.24E+07,1.77E+08,2.26E+08,160653636.6,4.25E+08,3.20E+08,352446005.8,101149914.4,4.12E+08,408906372.8
FPKYPVE,,,,,4.68E+07,5.94E+07,6.33E+07,42374138.69,,6074799.266,6.71E+07,,9.16E+07,1.25E+08
FPKYPVEP,3571743.981,104783172,4564015.09,8980172.75,185273122.5,261093939.9,3.04E+08,1.20E+08,11758978.27,1.19E+07,1.38E+08,2.10E+07,1.14E+08,96798751.93
FPKYPVEPF,4554836.488,1.35E+07,1.47E+07,1.15E+07,85197102.77,1.56E+08,218243027.6,99977314.92,,,155947935.5,6853705.474,137936871.1,61330601.91
FPKYPVEPFTE,,6.15E+06,450116.276,,3.52E+06,9.49E+06,3.34E+07,9.24E+06,,,11251760.35,445374.0963,1.66E+07,
FPKYPVEPFTES,,22545056.04,2.03E+05,,4.79E+05,2.66E+06,1.03E+07,5.91E+06,,,4.34E+06,599891.0321,1.69E+07,
FPKYPVEPFTESQ,,,456851.8314,,283444.9853,1.75E+06,7.83E+06,1950934.757,,,1437683.071,,1.86E+06,
FPKYPVEPFTESQS,,,547536.8426,,2373380.102,1124287.542,13961628.43,7.31E+06,,,1.11E+07,,7.76E+06,
FPPQSV,937454.322,9.89E+06,1.29E+06,754795.9063,2.04E+06,1.45E+07,2.04E+07,1.19E+07,9921263.431,1.88E+07,1.51E+07,1.17E+07,1.26E+07,973442.5184
FSDIPNPIG,676178.867,2.96E+06,2763067.895,6070505.063,,,,,,,3.46E+05,4.22E+05,9.72E+05,6280693.007
FSDIPNPIGSE,3953712.195,1.25E+07,5.27E+06,17488552.13,1162599.419,1.06E+06,1.46E+06,2.62E+06,104655.7967,975222.1294,3228010.159,1.37E+07,4264393.534,2249457.999
FSDIPNPIGSEN,2024537.097,1.42E+07,2.18E+06,1.40E+07,,554695.3714,6.62E+05,4.46E+05,,1261624.374,2.18E+06,2.65E+06,5.01E+05,1134104.364
FSDIPNPIGSENSEKTTMPL,,,4.45E+04,,7.75E+05,3.80E+05,3.89E+05,1.20E+06,,,2.35E+06,267077.1401,1.52E+06,1731042.321
FSDKIAKY,3087690.984,5390398.195,4.34E+07,4049926.5,3.39E+06,,5.87E+06,,,,,3.21E+07,1.16E+07,
FSDKIAKYIP,36478542.34,,2.18E+07,6.61E+06,1.68E+07,3.64E+07,3.00E+07,9.10E+05,,,2.10E+07,,3.38E+07,1.11E+08
FSDKIAKYIPI,2758170.35,,909588.757,250859.2813,1614103.349,520979.4885,,,,,,,,32541226.2
FVAPFPE,1706117652,527788940,3391310475,1864859035,96728878.37,43547111.13,4.05E+07,1.69E+07,2.52E+06,1.45E+07,8.41E+07,34824774.07,2.37E+07,114331608.8
FVAPFPEV,1969142.934,5945693.465,3734272.162,4139085.219,8.55E+05,4.82E+05,2.78E+05,7.87E+04,,,2809265.324,214995.9832,1.23E+05,661513.7343
FVAPFPEVFG,21142396.35,9.34E+06,21522490.02,3.29E+06,5.75E+05,1.48E+06,3.49E+06,5.24E+05,,2.95E+05,6.66E+05,922377.2895,1.13E+06,188706.2214
FVAPFPEVFGK,4840727.844,893809.0692,3.21E+06,3631132.875,1.41E+06,7.92E+05,1.82E+06,1.16E+06,,861518.887,2.15E+06,2368787.07,1.95E+06,687512.1839
FVAPFPEVFGKE,3358591.059,2878620.869,4994559.317,3601290.813,2329599.747,1.13E+06,1.57E+06,5.84E+05,,,2415574.004,63409.20211,5.35E+05,4.98E+05
FVAPFPEVFGKEK,71044940.61,18128865.42,1.16E+07,63195642.06,2.25E+07,7.51E+06,1.30E+07,2.32E+07,101229.5631,4959810.396,9768671.555,5893568.496,1.27E+07,1.31E+07
FVAPFPEVFGKEKV,988691.1501,,1522374.576,8.59E+05,2.26E+05,2.33E+05,5.15E+04,,,,7.54E+05,1.03E+05,2.68E+05,1.98E+05
FVAPFPEVFGKEKVN,2813472.195,6.73E+05,4329655.22,531810.1719,3.33E+06,1.67E+06,2.56E+06,2.13E+06,,7.28E+05,2.72E+06,1.98E+06,2.08E+06,2.06E+06
FVAPFPEVFGKEKVNE,6359041.733,5346343.662,8255744.106,587597.7656,10114539.09,1.75E+06,3.40E+06,3.08E+06,,1174566.384,10358085.05,2206684.216,2770021.837,2.55E+06
FVAPFPEVFGKEKVNEL,7227192.752,2.60E+05,3418775.004,159128.4063,1.03E+06,6.11E+05,1.26E+06,3.02E+05,,3.53E+05,9.77E+05,1.62E+06,5.73E+05,5.21E+06
FVAPFPEVFGKEKVNELS,2575745.282,1.75E+06,4749012.745,400211.3125,8330395.813,1374069.821,3.68E+06,1.52E+06,,1.78E+05,1.51E+06,4.89E+05,1.48E+06,2759032.668
FVAPFPEVFGKEKVNELSK,1058387.479,2.49E+05,1341499.233,215927.2969,514190.1728,109606.0108,3.51E+05,,,,306244.2287,243972.4516,174615.7085,
FVAPFPEVFGKEKVNELSKD,2631275.108,,7053109.006,,955868.6131,1761227.59,8.81E+05,3.18E+05,,,1041957.39,478093.919,710131.154,536256.0668
FVAPFPEVFGKEKVNELSKDIG,1105011.576,,955121.4636,,,,,,,1.21E+05,8.77E+04,1.52E+05,,
GLPQEVLNENLLRF,320457.722,,357800.9233,55078.0625,,1.34E+05,1.60E+05,,,,784197.2304,,,
GLPVHFDESFITPR,,469259.5494,,1.20E+05,,4.04E+04,,9.91E+04,1.89E+05,2.91E+05,5.50E+05,1.55E+06,1.39E+05,
GPIVLNPW,7893574.185,17707005.93,3279179.855,20858792.63,9.06E+07,1.11E+08,1.29E+08,4.75E+07,6.46E+07,4.19E+07,1.11E+08,7.40E+07,6.61E+07,5.67E+07
GPIVLNPWD,55267.00245,1387330.882,,440365.9922,4.41E+06,3.97E+06,3813547.257,8.61E+05,1.19E+06,691644.9169,4.15E+06,3.60E+06,1697355.851,2094203.5
GPIVLNPWDQ,457504.3016,,1.42E+05,204764.5547,6.35E+07,6.87E+07,5.94E+07,5.76E+06,14635360.53,,3.21E+07,1.84E+07,1.40E+07,2.46E+07
GPIVLNPWDQV,192452.6247,567871.4075,42545.74151,342010.9219,4691752.082,2.85E+06,3.99E+06,1.31E+06,3472610.075,752623.8201,3379112.742,1582896.305,2.81E+06,1.95E+06
GPIVLNPWDQVK,722874.9637,2137009.179,206551.8989,2350236.938,9.12E+06,6.69E+06,1.84E+07,2.50E+06,5011003.727,3702525.929,4.14E+06,3365695.46,3.21E+06,2.58E+06
GPIVLNPWDQVKR,795980.193,590702.207,65343.82564,1181472.344,1.45E+07,6.15E+06,6.45E+06,2.65E+06,3810829.632,2533402.594,1803092.332,2310980.232,3.33E+06,3.29E+06
GPVRGPF,,6701751.666,,,1.38E+09,2.28E+09,1.69E+09,2.34E+08,5.86E+08,,4.39E+08,28829280.28,2240317405,4190128737
GPVRGPFP,234380232.9,2.85E+06,4.58E+08,1.82E+08,4.29E+09,3.99E+09,1.70E+09,8.25E+07,,,9.65E+07,,3.35E+07,2.86E+09
GPVRGPFPI,67100822.62,,3.25E+07,27455756.27,2067156998,1.74E+09,8.30E+08,2.59E+07,94982.96697,149842.8933,4.83E+07,122925.9533,3.57E+07,3.80E+09
GPVRGPFPII,700692.5383,,2.94E+05,934577.9375,6.27E+06,7.47E+06,4.43E+06,,,,3.18E+05,,,1.27E+07
GPVRGPFPIIV,51239334.25,168741.7936,1.47E+07,52122302.56,27494075.57,2.02E+07,1.48E+07,8.68E+05,,,4.47E+06,,2.69E+05,1.61E+07
GVSKVKEAMAPKHKEMPFPKYPVEPF,4733576.965,,26043212.44,,7.21E+05,1.42E+06,,,,,,,,2.40E+07
GYLEQL,1842508576,1.45E+09,1.54E+09,1.77E+09,1.09E+09,8.21E+08,6.57E+08,1.93E+08,185801672.5,2.34E+08,5.34E+08,2.01E+08,1.63E+08,102412403.9
GYLEQLLR,7148338.404,4782596.555,1226194.459,5452689.5,8420964.587,4.25E+06,3.53E+06,4.91E+05,,,662218.2343,356022.4089,640570.4113,1.71E+07
HKEMPFPKYP,2652607.496,,1097135.16,937071.625,1736484.62,3.94E+06,5.05E+06,2.15E+07,,,2043674.841,434428.4421,7.70E+06,2532045.994
HKEMPFPKYPVEP,2169130.088,,,,6.27E+06,14728691.54,1.98E+07,2.20E+07,,,2.07E+07,,5.40E+06,1.07E+07
HKEMPFPKYPVEPF,5026585.354,1.54E+05,7266881.468,345027.0859,6.66E+06,1.28E+07,2.00E+07,1.89E+07,,,3.18E+07,,7.09E+06,6.45E+07
HKEMPFPKYPVEPFTE,234991.6693,,,,2267685.871,,3241325.262,,,,,,,4.50E+06
HKEMPFPKYPVEPFTES,,,,,,,1.94E+06,1.24E+06,,,1.08E+06,,1.81E+06,2610314.383
HKEMPFPKYPVEPFTESQS,,,,,8.09E+05,4.23E+05,8.17E+05,9.83E+05,,,4.09E+06,,2.30E+05,2.02E+06
HLPLPLL,5361516.975,10367707.27,1.17E+06,4585211.5,2.60E+06,4.96E+06,1.75E+07,5.40E+07,3594208.466,25536039.2,3.35E+06,4559624.58,3.90E+07,1.97E+07
HLPLPLLQ,5053466.513,66268.77914,600524.7924,1504624.313,2970285.951,5.16E+06,1.09E+07,1.94E+07,1353392.836,814259.2718,2257554.901,3042077.686,8.54E+06,2.82E+07
HPHPHL,,,,,36738599.13,192452550.7,1.90E+08,1.44E+08,750546222,8.22E+08,317034285.7,345713533.7,9.78E+07,139915909.3
HPHPHLSF,,,,,,3.09E+06,8.84E+06,7.45E+06,1.21E+07,4.23E+06,8.55E+06,4.41E+07,3.04E+06,1.81E+07
HPIKHQ,1476281.386,8.00E+08,2756769.282,1.97E+05,2.04E+06,269129906.8,543784932.6,81967135.37,300562887.8,4.45E+08,13267228.31,269051288.8,35086930.81,11744797.8
HQPHQPLPPT,2966214.539,14331696.09,3820737.35,5218373.75,3.04E+06,2.29E+07,4.09E+07,22318904.01,18413672.17,40480841.14,36702520.97,70686630.73,39614398.5,1.83E+07
HQPHQPLPPTV,,2637711.183,,,,6.11E+06,1.96E+07,2.35E+07,10594826.62,13829000.24,8.58E+06,7.87E+06,1.02E+07,
HQPHQPLPPTVM,7767330.957,,,9.22E+05,5.00E+07,5.07E+07,6.99E+07,1.00E+08,1.41E+08,145834102.6,2.14E+08,1.54E+08,2.29E+08,2.48E+08
HQPHQPLPPTVMFPPQ,,,,,,1.41E+06,7.06E+05,1.27E+06,,,1.76E+06,,9.30E+05,220018.7176
HQPHQPLPPTVMFPPQS,,,5.48E+04,,3.08E+06,8.15E+06,4.82E+06,9.18E+06,,,2.94E+07,,8612166.377,1891001.824
HQPHQPLPPTVMFPPQSVL,436560.0793,,2703209.728,,1089728.39,5.97E+05,7.42E+05,2.44E+06,,,,,2410668.613,1760071.052
HQPHQPLPPTVMFPPQSVLS,,,165582.9569,,1.48E+06,6.47E+05,1.72E+06,2377695.209,,,117569.2386,,2703420.396,1.02E+06
HQPHQPLPPTVMFPPQSVLSL,512465.2467,,1238962.5,,952358.2768,169035.7793,111280.6557,,,,,,,1309309.513
IAKYIPI,17586313.89,,80974492.56,12864902,,,,,,,,,,2.08E+08
IESPPEIN,77499459.95,8.14E+06,54570797.7,224092812,,,,,,,,,,
IISQETYK,682742163.8,3.01E+09,169591877.6,7.82E+08,6.81E+07,2.86E+07,9.34E+06,,,,,,,
IISQETYKQ,36245690.77,1.21E+08,23707054.4,15233563,,,,,,,,,,
INPSKENL,,19991785.95,,,1.20E+08,7.85E+07,6.20E+07,,61961342.78,,,3724591.083,,
IPNPIG,451573.4271,452379.3628,3490987.978,4203618.375,2.04E+09,1.93E+09,1.60E+09,2930989947,5695294081,2605800940,3.72E+09,3047346497,4435676766,3.56E+09
IPNPIGS,791139.2492,11007247.77,7.69E+05,1010341.438,21891632.99,44524740.19,4.25E+07,1.20E+08,2.68E+08,2.68E+08,9.69E+07,41272941.81,8.24E+07,38093505.13
IPNPIGSE,12263829.1,127959857.2,15136839.72,22654635.75,57075062.93,4.42E+07,4.01E+07,1.17E+08,2.04E+08,1.62E+08,7.18E+07,1.29E+08,1.82E+07,2692707.405
IPNPIGSEN,18081408.82,1.18E+08,8284703.804,24577166.13,185211050.1,351291550.2,3.03E+08,4.59E+08,1.29E+09,1.12E+09,4.06E+08,2.71E+08,5.02E+08,367309605.1
IPPKKNQDKTEIPT,518126.4827,2.92E+07,4.09E+05,945549.2871,3371703.195,1.54E+06,1.17E+06,,,1.13E+06,,1.93E+06,1.91E+06,
IPPLTQTP,12364060.22,2.76E+08,1.08E+07,18526105.88,2.93E+08,3.21E+08,3.87E+08,4.47E+08,530078202.3,782761092.4,2.43E+08,4.56E+08,1.53E+08,50748026.04
IPPLTQTPV,125537790.4,1.65E+08,103022200.1,243291337.4,269008499.7,840003235.7,6.45E+08,462508588.3,35731679.04,99161923.3,2.25E+08,24564710.97,5.90E+08,854137434
IPPLTQTPVVVPP,3149915.871,6.05E+07,3907061.837,1.65E+07,69341987.59,5.38E+07,5.45E+07,43811233.17,1.31E+06,4700344.963,1.92E+07,7.45E+06,3.31E+07,40390507.61
IPPLTQTPVVVPPF,537976.7733,4217451.152,3.85E+05,1112023.563,9.18E+06,1.46E+07,2.84E+07,1.95E+07,1102284.47,1926027.276,3.39E+07,9.66E+06,4.49E+07,6.68E+06
IPPLTQTPVVVPPFL,,,,,,2.76E+06,1.20E+06,,1646246.247,5474619.257,1.01E+07,9.24E+06,2.94E+07,
IPPLTQTPVVVPPFLQP,,,,,6.10E+05,3.19E+06,2.32E+07,2.88E+07,,4.08E+06,3116299.198,1.87E+06,6.72E+07,
IPPLTQTPVVVPPFLQPE,9.82E+04,5.54E+05,,,4.87E+06,1.97E+07,6.46E+07,8.61E+07,3.77E+06,1.20E+07,3.35E+07,,1.96E+08,4.67E+06
IPPLTQTPVVVPPFLQPEV,,,,,1.34E+06,4.96E+06,2.51E+07,3.09E+07,,1.56E+06,1.22E+07,,5.77E+07,5.28E+05
IPPLTQTPVVVPPFLQPEVM,9.19E+05,,1.19E+06,,7367113.762,21865190.26,67322913.34,74031794.71,226620.5604,2600765.741,16668460.04,318418.3678,63235325.59,1484978.195
IPPLTQTPVVVPPFLQPEVMG,,,,,5.22E+05,1.39E+06,5.95E+06,1.76E+06,,,2.34E+06,,4.48E+06,
IPPLTQTPVVVPPFLQPEVMGVS,,,1.13E+05,,1.15E+06,6.91E+05,1.05E+07,1.06E+07,,,2.00E+06,,4.02E+06,
IPVDLKL,8.35E+05,3.04E+06,2.25E+05,1.29E+06,5.01E+05,6.67E+05,4.98E+05,,,,,,,
IPYVRYL,,,8.47E+04,,9.38E+06,3.25E+06,5.00E+06,,,,,,,
IQKEDVPSERY,1.19E+06,9.72E+07,,4.75E+06,4.71E+07,5.65E+06,,2.63E+06,,,,1.96E+06,,
IQKEDVPSERYL,,1.13E+08,,,2.24E+07,4.54E+06,1.84E+06,,,,5.28E+06,,,
IQPKTKVIP,,3.07E+06,1.12E+08,1.31E+08,1.27E+09,1.51E+09,2.11E+09,1.76E+09,2741692.874,12258111.57,1113647640,821263543.5,8.44E+08,2.66E+06
IQPKTKVIPY,1.44E+09,1.82E+08,1.01E+10,6.13E+09,9.82E+09,1.49E+10,1.14E+10,8.60E+09,,,7.44E+09,4.69E+08,2.02E+09,2.73E+09
IQYVLSRYPS,5.86E+05,,2.65E+05,3.52E+05,,,3.87E+05,507739.758,7154080.025,982478.0522,,,,730779.1368
IRISHEL,,,,,7.50E+06,4.31E+06,4.53E+06,,,,,,5.13E+06,4.53E+06
ITVDDKHY,,4153006.341,,,2.00E+07,,,5.69E+07,7.89E+07,7.97E+07,5.08E+07,1.15E+08,3.18E+07,
ITVDDKHYQ,6.27E+07,9.68E+07,2.75E+07,7.33E+06,1.13E+08,1.38E+08,232684878.6,184448936.5,140002970.3,21576146.14,147425267,339646039.2,184868125.2,7.99E+07
IVLNPWDQ,8.31E+05,,2.49E+06,2.87E+05,3.26E+07,2.59E+07,2.34E+07,20085367.49,,,3.68E+07,2.36E+07,24899855.21,7.44E+07
IVLNPWDQVK,9.58E+05,1.85E+07,9.58E+05,7.36E+07,1.38E+08,8.23E+07,1.16E+08,1.87E+08,4.36E+07,6.15E+07,6.00E+07,7.29E+07,9.70E+07,5.24E+07
IVLNPWDQVKR,2.54E+07,9016957.96,2.08E+07,5.51E+07,3.10E+08,2.69E+08,3.22E+08,2.82E+08,116961234.7,205628769.5,1.46E+08,2.25E+08,2.04E+08,1.17E+08
IVLNPWDQVKRN,6.77E+06,5066359.449,1.12E+07,3.44E+07,77821488.83,1.40E+08,147581936.5,210940700.8,65154456.27,100790670.8,90609474.89,169545876.4,165991004.2,5.56E+07
IVLNPWDQVKRNA,,,,,,,746792.829,3107046.268,,3126123.35,836100.4929,,3300905.985,
IVLNPWDQVKRNAVP,,,,,1.25E+06,3.58E+05,6.34E+05,1.91E+06,,,4.76E+05,,2.26E+06,1.74E+06
IVLNPWDQVKRNAVPITPT,,,,,8.75E+05,1.43E+05,5.66E+05,,,,2.89E+05,,,2.59E+06
IVPNSAEERL,1.44E+07,1.24E+08,1.48E+07,1.53E+07,7.64E+07,3.88E+07,2.95E+07,6.17E+06,3.68E+07,1.28E+07,8.40E+06,1.67E+07,1.02E+07,7.77E+06
IVPNSVEQK,,1.65E+07,,6.18E+06,3.34E+07,2.05E+07,4.77E+07,2.04E+07,1.77E+08,79454885.49,1.15E+07,1.78E+07,2.08E+07,1.15E+07
KAMKPWIQP,,1.29E+07,1.16E+06,2.75E+06,,2.92E+05,2.90E+06,,,,,6.14E+05,,
KAVPYPQ,1.32E+07,3.10E+07,8.80E+07,5.65E+07,2.45E+04,,,,6.84E+04,9.01E+04,,,,2.08E+07
KAVPYPQR,2.82E+06,1.83E+06,1.51E+07,2.65E+06,,,1.30E+06,1.51E+06,,6.19E+05,1.11E+06,3.40E+06,,
KAVPYPQRDMP,8.92E+08,1.10E+08,1.38E+09,7.09E+08,1.70E+08,2.98E+08,3.87E+08,3.79E+08,7741472.606,19187964.6,1.76E+08,90389544.81,3.79E+08,4.89E+08
KAVPYPQRDMPI,,,,,7.41E+05,1.16E+06,,,,,,,1.60E+06,3.46E+07
KAVPYPQRDMPIQ,7.26E+06,,2.47E+06,1.90E+06,2719619.934,19129655.55,1.10E+07,,,,,,,38882374.33
KAVPYPQRDMPIQA,5.88E+07,,1.78E+07,5.16E+07,3.77E+07,4.76E+07,1.33E+07,,,,3.72E+06,,7.70E+05,5.75E+07
KAVPYPQRDMPIQAFL,4.13E+05,,1.83E+05,5.97E+04,4.73E+05,1.35E+06,,,,,,,,4.73E+05
KAVPYPQRDMPIQAFLLY,3.50E+05,,1.73E+05,1.30E+06,,1.31E+06,2.87E+04,4.64E+05,,,,3.30E+06,,
KEDVPSERY,,2.01E+07,,3.31E+06,,,,1.71E+06,,,,2.41E+06,1.12E+06,
KEDVPSERYL,1.13E+08,168264078.7,1.12E+08,2.25E+08,2.41E+08,8.24E+07,6.09E+07,1.85E+07,,,,65939090.68,,1.49E+07
KEDVPSERYLGY,7.41E+06,4.94E+07,1.46E+07,4.76E+06,8.85E+06,2.60E+06,4.60E+06,3.86E+06,6.44E+07,6.88E+06,4.04E+06,,3.40E+06,2.20E+06
KEDVPSERYLGYLE,,4.48E+06,,,,1.61E+05,4.10E+05,353688.6842,,,125133.8597,,1.03E+05,
KEDVPSERYLGYLEQ,,,,,5.27E+05,5.23E+05,1.03E+06,,,,4.71E+05,,,
KEDVPSERYLGYLEQL,2.50E+05,866003.8728,5.73E+05,3.92E+04,1.21E+06,1.93E+05,4.01E+05,2.52E+05,,,,,1.27E+05,2.90E+05
KEMPFPKYPVEP,2.09E+06,1846019.853,1391020.687,2.63E+05,3222343.711,1.42E+06,5342203.364,3435683.981,,,1.11E+07,,,1687339.836
KEMPFPKYPVEPF,3.56E+06,3.34E+05,3.58E+06,5.59E+05,2.05E+06,4.65E+06,4.26E+06,5.03E+06,,,8.82E+06,,1.82E+06,4.65E+06
KEMPFPKYPVEPFTESQS,2.16E+06,,5.16E+05,,595012.5981,2.90E+05,1.61E+05,,,,2.69E+06,,,
KEPMIGVNQEL,2.17E+06,1.14E+07,8.60E+05,2.74E+06,2.48E+06,,,,,,4.51E+06,3.40E+06,,3.32E+06
KFALPQY,,,1.43E+06,,2.86E+06,1.11E+06,6.05E+05,,,,,,,2.05E+06
KHIQKEDVPSERYL,,3.91E+07,,4.93E+06,1.70E+06,,,1.32E+07,,,,2.04E+07,,
KHPIKHQ,5.06E+06,1.61E+06,1.78E+07,3.73E+06,,3.23E+06,,7.10E+06,6.25E+06,8.11E+06,2.73E+06,6.28E+06,6.78E+04,3.28E+06
KIAKYIPI,2.13E+07,,3.74E+07,1.80E+06,6.01E+07,2.28E+07,1.65E+07,2.02E+07,35679009.39,38622786,22070759.09,2.42E+07,1412814.654,3.79E+07
KIHPFAQTQSLVYPFPGPIPN,7.12E+05,,1.87E+06,7.35E+04,5.32E+05,,,,,,,,,3.22E+06
KISQRY,,,2.10E+06,7.09E+05,2.11E+06,,4.40E+05,5.26E+05,,,,,,
KKISQRY,5.50E+03,,4.12E+07,,6.49E+06,8.03E+06,,,315374.4983,,,,,
KKYKVPQ,5.68E+07,13384.65432,5.86E+07,1.01E+07,46463901.33,1.16E+07,2.31E+07,1.14E+07,,,6.87E+06,,8.82E+05,4.26E+07
KKYKVPQL,3.74E+09,,5.00E+09,1.01E+09,2.23E+09,3.77E+08,1.51E+08,,,,2.29E+07,,,4641594657
KKYKVPQLE,5.25E+08,,,1.63E+08,1.02E+08,4.89E+07,1.10E+07,,,,,,,
KKYKVPQLEIVPN,5.93E+08,9.02E+05,2.03E+08,1.27E+08,7.00E+07,9.99E+06,,,,,,,,3.67E+07
KPWIQPK,1.46E+06,6.59E+05,4.77E+06,4.07E+06,3.35E+07,1.40E+08,1.44E+08,1.00E+08,1.61E+08,3.61E+08,1.91E+08,1.93E+08,1.27E+08,1.22E+08
KPWIQPKT,1.40E+06,4.51E+08,3.86E+07,7.49E+07,4.97E+08,3.16E+08,1.96E+08,395343411.8,,718989723.2,123664146.4,8.39E+08,79355415.66,
KPWIQPKTK,,,,1.27E+05,4.62E+06,4.44E+05,5.32E+05,7.09E+06,1.62E+06,1.67E+06,2.42E+06,4.48E+06,6.97E+05,2.26E+05
KPWIQPKTKVIP,6.18E+06,,6.13E+06,,1.82E+08,1.93E+08,1.48E+08,32957267.79,,,1.05E+07,,40867929.55,70448002.44
KPWIQPKTKVIPY,,,5239351.515,2385263.938,64574386.71,5.89E+07,3.67E+07,,,,,,4593660.354,2.42E+07
KVKEAMAPKHKEMPFPKYPVEPF,1.74E+06,,8.51E+06,,2.87E+06,1.31E+06,,,,,,,,8.72E+06
KVLPVPQ,3.12E+08,1.37E+09,1.76E+09,1.45E+09,5.34E+08,1.12E+09,1.95E+09,3249233324,2082466713,1881275290,3295547204,3.49E+09,2921382206,3386026600
KVLPVPQKAVPYPQ,2.81E+08,,2.68E+08,2.43E+08,2.47E+07,3.46E+07,1.13E+07,,,,,,,1.24E+08
KVPQLEIVPN,3.73E+07,1.86E+07,4.93E+07,1.46E+08,68308426.77,2.47E+07,1.14E+07,8.71E+06,,,2.93E+06,,,8.56E+06
KYKVPQ,3.13E+06,,3.87E+04,,3.13E+07,1.28E+07,2.34E+07,1.51E+05,5.01E+04,,190326.9292,,8079466.415,1.67E+06
KYKVPQL,5.57E+08,,5.13E+08,3.49E+08,1.51E+09,5.70E+08,6.80E+08,2.13E+08,,,1.40E+09,1.16E+07,4.26E+08,6.59E+08
KYKVPQLE,1.28E+07,2.60E+06,,,6.79E+07,2.97E+07,1.33E+07,,,,,,,3.48E+06
KYKVPQLEIVPN,4.23E+07,2.00E+05,6.79E+06,8.23E+07,3.97E+07,1.10E+07,2.50E+06,,,,,,,9.30E+06
KYPVEPF,3.48E+05,1.72E+07,3.87E+05,1.32E+07,1.39E+06,1.54E+06,2.25E+06,1.65E+06,5.01E+06,6.60E+06,,,1.58E+06,6.25E+05
KYPVEPFTE,,1.89E+07,,2.35E+05,,,9.57E+05,1.12E+06,3.72E+06,1.16E+07,,,4.78E+05,
LDAYPSGAW,8.79E+05,4216760.243,1.17E+06,2.37E+06,7.73E+05,,,,,,1.79E+05,,,9.66E+05
LEIVPNSAEERL,8.54E+06,4.01E+07,9.59E+06,9.47E+06,3.33E+07,1.60E+07,1.05E+07,,,,5.07E+05,2.04E+06,2.61E+06,4.94E+06
LEIVPNSAEERLH,2.02E+07,137746217.3,1.12E+07,1.75E+07,,2.12E+07,1.70E+07,,,,,,1.72E+06,
LEQLLR,3.34E+07,67864360.35,2.01E+07,4.50E+07,5.16E+07,1.52E+07,2.16E+07,,,,,,1.45E+07,3.54E+07
LEQLLRL,8.26E+08,1.22E+08,1.92E+08,7.08E+08,4.84E+07,6065135.205,6815099.214,439293.9876,,,,,2284329.05,34214238.85
LEQLLRLK,1.42E+07,2.94E+06,8.00E+06,3.09E+06,3.07E+06,2.01E+06,2.36E+06,,,,,,,2.83E+05
LFRQFYQLD,,2.30E+05,1.07E+06,,,,,,171413.3164,,,,1.41E+05,
LGPVRGPF,3.37E+05,,1.30E+06,,3.57E+06,3.31E+06,2.22E+06,2.26E+06,9220561.305,2384381.489,4.45E+06,5227129.062,1.18E+07,1.62E+07
LGPVRGPFP,1.88E+08,,1.91E+08,4.99E+07,2.06E+09,1.74E+09,8.28E+08,1.68E+07,,,4.88E+07,,3.51E+07,3.79E+09
LGPVRGPFPI,1.11E+07,,1.51E+07,6.03E+06,1.30E+07,9.25E+06,6.31E+06,1.21E+06,,,1.46E+06,,2.43E+05,2.22E+07
LGPVRGPFPIIV,3.45E+06,,1.46E+06,4530909.125,1249909.161,7.67E+05,2.66E+05,,,,4.75E+05,,,1705651.854
LGYLEQLLR,4.29E+05,1.66E+06,1.37E+06,1.82E+05,2.49E+06,9.85E+05,1.42E+06,9.02E+05,,,2273252.821,,,
LGYLEQLLRLK,2.46E+05,,3.39E+05,,6.11E+05,9.04E+05,6.09E+05,306897.8609,,,841483.2357,,76827.58178,6.85E+05
LGYLEQLLRLKK,,,3.50E+05,,7.49E+05,1.79E+06,1.92E+06,2.10E+06,,,3.89E+06,,9.11E+05,
LGYLEQLLRLKKYKVPQLE,2.55E+04,,5.81E+04,,1.45E+05,,,,,,,,,1.51E+05
LHLPLPLL,1.34E+06,163301751.5,4.15E+06,2.91E+06,2.24E+07,3.43E+07,6.62E+07,70807531.99,,9223627.707,3.42E+07,,156356591,3.05E+07
LHLPLPLLQ,1.40E+07,3.05E+06,9.06E+06,9.06E+06,1.63E+07,3.29E+07,4.44E+07,22229352.33,,,12414450.57,,30085051.58,63806020.75
LHLPLPLLQS,6.87E+06,1.70E+07,6.19E+06,4.44E+06,1.21E+07,2.36E+07,1.67E+07,1.80E+07,,,2.65E+07,316941.4879,1.97E+07,1.60E+07
LHLPLPLLQSWMHQPH,,,8.22E+04,,,,5.14E+04,4.91E+05,,,,,1.92E+05,
LKPDPSQKQTF,3.04E+05,,2.07E+07,1.92E+07,,,,,5550464.398,,,,4130328.839,
LLQSWMHQPHQPLPPT,,,,,1.87E+06,2.76E+06,3.02E+06,2.69E+06,,,9.07E+05,,1.63E+06,3.97E+06
LLQSWMHQPHQPLPPTVMFPPQS,,,5.85E+04,,387340.1206,3.86E+05,6.86E+05,,,,2.74E+05,,,4.67E+05
LLQSWMHQPHQPLPPTVMFPPQSVL,4.44E+05,,6.68E+05,,,4.09E+05,5.52E+05,,,,,,,1.26E+06
LLYQEPVLGP,1.98E+06,1.49E+05,3.73E+06,2.08E+06,143946.2795,,,,,,,,,992460.5609
LLYQEPVLGPVR,5.80E+06,6.61E+06,1.02E+07,2.09E+07,311375.7557,,,,,,8.84E+05,,,4.92E+05
LLYQEPVLGPVRGPFP,1.39E+06,1.13E+05,1.31E+06,2.77E+04,1.24E+05,,,,,,,,,2.09E+06
LNEINQF,1.12E+06,,1.18E+06,1.33E+06,,1.70E+06,1.15E+06,799798.8386,,,1.96E+06,3251835.927,,
LNENLLR,4.11E+07,1.40E+07,926865.3738,4.29E+07,1.25E+06,7.38E+05,1.48E+06,,,,,,,
LNENLLRF,8.12E+07,4.33E+06,2.62E+07,48536049.3,4.17E+05,5.91E+05,1.52E+06,,,,,341707.7518,,3.06E+05
LNFLKK,,12941916.13,9.06E+07,9.81E+07,1.16E+07,,,,,,,16905620.86,,
LNPWDQ,,,3.49E+05,,1.25E+07,1.62E+07,1.32E+07,15485230.37,6.05E+07,,33297089.51,9.20E+06,17290298.01,54832136.2
LNPWDQVK,,2.73E+07,,8.47E+06,13247079.13,11451160.45,1.59E+07,3.56E+07,208575738.2,85156116.13,2.51E+07,5.52E+07,11099479.85,9547786.293
LNPWDQVKR,1.24E+07,15339800.11,7.13E+06,4.93E+06,1.21E+08,6.40E+07,71887192.48,158620232.1,287270619.9,178955680.9,65593626.3,2611546.605,52490747.38,2.45E+07
LNPWDQVKRN,,8.93E+06,3231581.255,,23816057.74,44167385.04,4.40E+07,8.20E+07,56844698.61,52523571.15,43959423.8,62114610.59,6.71E+07,2.82E+07
LPLPLL,1.36E+07,2.39E+08,,2.23E+07,5.85E+06,9.90E+06,2.69E+07,3.64E+07,2.74E+07,1.21E+08,3.45E+06,1.01E+07,6.12E+07,1.36E+07
LPLPLLQ,3.08E+06,2.53E+06,2.52E+05,4.05E+06,8.16E+06,1.68E+07,4.41E+07,2.63E+07,1.31E+07,8.23E+06,6.34E+06,1.34E+07,4.51E+07,3.48E+07
LPLPLLQS,1.04E+07,3.25E+07,1.34E+06,1.28E+07,7.00E+06,1.54E+07,3.57E+07,2.47E+07,1.03E+07,2.62E+07,5.28E+06,8.55E+06,3.97E+07,1.37E+07
LPLPLLQSWMHQPHQPLPPT,,,8.09E+04,,,,880178.1076,17810330.37,,55052.0229,,,,
LPLSILK,2.79E+06,,2.79E+06,2.18E+06,1847103.591,892812.2872,8.24E+05,1.33E+05,,,,,,
LPQEVLN,2.52E+08,1.94E+09,2.07E+08,5.79E+08,,,1.97E+06,2.99E+06,,,,,,
LPQEVLNENL,2.11E+06,4.79E+07,1.30E+06,4.15E+06,4.40E+05,,,,,,7.22E+05,,,
LPQEVLNENLL,1.68E+05,1.10E+07,3.50E+05,8.32E+04,2.73E+04,3.08E+04,,,,,7.23E+04,,,
LPQNIPP,4.81E+06,8.35E+07,6.67E+06,1.09E+07,5.96E+08,8.77E+08,5.60E+08,6.75E+08,448885264.1,605329019.5,6.83E+08,2.60E+08,4.09E+08,7.28E+08
LPQNIPPL,8.97E+08,5.33E+08,1.25E+09,2.12E+09,2041942523,1448676877,826982660.3,905422472.3,7534142.129,34797872.38,1195347882,67538812.81,525265859.1,1482961184
LPQNIPPLT,,7.39E+06,7.37E+05,3.35E+06,8.15E+06,4.42E+06,8.95E+06,2.37E+07,8.76E+05,2.23E+06,4.31E+06,2.04E+06,16009179.26,3547041.242
LPQNIPPLTQTP,2.95E+06,6102711.022,1.24E+06,3.25E+06,108483824.6,6.28E+07,4.06E+07,1.42E+07,,,9.06E+06,,8.49E+06,1.00E+07
LPQNIPPLTQTPV,1.47E+06,8.26E+05,4.00E+05,1.57E+06,8.17E+06,5.50E+06,3.85E+06,1.36E+06,,,1.37E+06,,9.58E+05,3.65E+06
LPQNIPPLTQTPVVVPPF,,,,,691822.3847,3424955.715,2170194.402,672369.5892,,,6275346.02,,4874883.193,
LPQNIPPLTQTPVVVPPFLQP,,,,,,466244.0885,2336106.937,1.73E+06,,,,,3.20E+06,
LPQNIPPLTQTPVVVPPFLQPE,,,,,,2.01E+06,,1297720.229,,,3.98E+06,,6.67E+06,
LPQNIPPLTQTPVVVPPFLQPEVM,,8.22E+04,,,1.75E+06,4.33E+06,1.92E+06,,1.84E+05,9.09E+05,4.85E+05,,2.96E+06,
LPQYLK,7.18E+08,2.01E+08,2.39E+08,6.82E+08,2.40E+08,9.14E+07,1.75E+08,2.20E+07,,,7.33E+06,9.38E+06,4.24E+07,6.69E+07
LPQYLKT,5.83E+09,5.82E+06,3.01E+09,3.40E+09,1.57E+09,8.54E+08,4.09E+08,2.50E+07,,,5.01E+06,,,2.09E+08
LPVPQKAVP,7.88E+05,,,,6.98E+06,6.21E+06,4.31E+06,,,,,,,
LPVPQKAVPYPQ,2.02E+06,,5.53E+05,,1.27E+07,6.73E+06,,,,,,,,5.03E+06
LPYPYY,4.25E+06,2209400.731,2.49E+06,1.89E+06,6269166.51,1.00E+07,10093573.27,4503574.724,5049201.584,11334644.77,8951867.457,2.63E+06,23992730,16883412.37
LPYPYYA,7.49E+05,,,,1.83E+06,1348988.649,952290.6595,,,,,,974652.1565,1028597.738
LPYPYYAKPA,2.14E+06,,,,1.27E+07,9.04E+06,3.54E+06,,,,,,,4.61E+07
LQDKIHP,,2.56E+06,3.43E+06,7.74E+05,4.37E+06,585925.0989,589892.0314,,1.27E+06,1.15E+06,1028584.499,1393160.079,418171.7873,7.57E+05
LQDKIHPF,3.23E+09,4.77E+09,1793462903,3.98E+09,2.49E+09,1.74E+09,2.92E+09,1.05E+09,1.03E+09,1.07E+09,1.58E+09,1.70E+09,1.45E+09,1.16E+09
LQSWMHQPHQPLPPTVMFPPQSVL,9.76E+04,,147099.6265,,3.14E+05,,,,,,,,,8.54E+05
LRLKKY,8.50E+06,2.46E+05,2.24E+06,5.23E+06,2.86E+06,1.86E+06,9.94E+05,3.35E+06,,,4.57E+06,,,
LRLKKYK,7.64E+06,,1.57E+06,5.80E+05,,,266301.648,,,,,,,
LSQSKVLPVPQ,,,9.48E+06,7.03E+06,4.77E+06,1.11E+07,1.53E+07,7.64E+06,3.77E+06,,9.00E+06,,4.79E+06,1.76E+07
LSQSKVLPVPQK,7.12E+06,,1.07E+07,,,4340326.526,,,,,20349005.19,,,
LSQSKVLPVPQKAVPYPQRDMPIQA,8.14E+06,,4.92E+06,2.87E+07,1.50E+08,1.37E+08,1.16E+08,1.87E+08,1.61E+08,2.13E+08,1.09E+08,1.23E+08,9.53E+07,1.64E+08
LSRYPSYGL,1.90E+06,9.14E+06,1903767.924,6264534,,,,,,,,,,1998690.227
LTDVENLHLP,,8.10E+06,,,,1.28E+06,1.98E+06,6.82E+06,200248.2796,1196626.251,5.79E+06,1880677.595,3279116.919,
LTDVENLHLPL,1.17E+05,1.96E+05,5.42E+04,4.05E+04,1.47E+05,3.60E+05,9.68E+05,1.91E+06,,5.11E+04,4.05E+06,8.95E+05,1.68E+06,2.10E+05
LTDVENLHLPLP,1.30E+06,3.73E+07,5.11E+05,4.35E+05,3.19E+06,6145202.514,12022099.33,10889191.56,128980.4394,446254.4765,4.95E+07,3.23E+06,9.62E+06,1.84E+06
LTDVENLHLPLPL,7.63E+05,21921874.07,868355.8964,1.94E+06,5.98E+06,1.30E+07,2.68E+07,4.56E+07,,,1.84E+07,,3.28E+07,8.55E+06
LTDVENLHLPLPLLQ,,,,,5.14E+05,,3.07E+05,719113.4911,,,,280499.8434,14591750.02,
LTDVENLHLPLPLLQS,,,4.57E+05,,4.70E+06,2756810.115,1.81E+06,6726364.331,,,4441334.543,,7263766.906,1083446.681
LTLTDVE,5.20E+06,1.88E+07,3.45E+06,7.32E+06,1.10E+07,2.95E+07,3.94E+07,22590927.54,,,55777116.1,41522706.49,46250675.62,29488255.73
LTLTDVENLHL,1.35E+05,356446.5235,1.15E+05,1.18E+05,7.93E+04,3.03E+04,,,,,628537.7692,,,
LTLTDVENLHLP,3.48E+04,3.80E+06,8.61E+04,5.46E+04,2.05E+05,6.16E+05,1.04E+06,6.47E+05,,,5.04E+06,6.83E+05,1.58E+06,6.15E+04
LTLTDVENLHLPLP,2.73E+06,7.50E+06,,,,1.03E+07,2.81E+07,8.59E+06,,,8.84E+07,,1.99E+07,7.49E+06
LTLTDVENLHLPLPL,7.88E+05,,,,2760309.965,4.45E+06,16092483.82,3655334.763,,,6.87E+06,,14804015.74,7565322.67
LTQTPVVVPP,1.52E+06,3.51E+07,8.66E+06,2029782.313,3.81E+06,6.02E+06,5.91E+06,1.25E+07,2.71E+06,4.44E+06,6.44E+06,8.36E+06,1.17E+07,6.30E+06
LTQTPVVVPPF,2.75E+06,9.93E+06,3.43E+06,4.68E+06,2.26E+06,2.34E+06,4.29E+06,2.52E+06,4.10E+05,6.05E+05,2.43E+06,1.19E+06,2.89E+06,2.29E+06
LTQTPVVVPPFLQP,6.03E+04,,,,8.60E+04,8.53E+05,2.70E+06,1.25E+06,1.22E+06,1.38E+06,2.18E+06,2.10E+06,9.97E+05,1.51E+06
LTQTPVVVPPFLQPE,,,,,2.05E+06,2.43E+06,7.83E+06,8.89E+06,,,4.07E+06,,1.77E+07,1.10E+07
LTQTPVVVPPFLQPEV,,,,,,7.04E+05,1.02E+06,4054118.959,,,,,,648045.8181
LVYPFPGP,2.36E+05,2.77E+06,6.40E+05,1.01E+06,101497.6557,651143.2293,1362754.41,6362945.765,872729.1233,3398697.562,1963858.6,2149420.879,3655660.673,7.32E+05
LVYPFPGPI,9.68E+04,114397.9162,,1.18E+05,9.73E+04,2.66E+05,4.09E+05,2.05E+06,1972261.971,3464210.076,1289508.996,2677807.58,1292863.598,241858.3171
LVYPFPGPIP,9.52E+05,8.36E+06,1.42E+06,2.08E+06,4.87E+06,7113788.649,22275238.78,26334180.86,6087520.282,29710872.12,3.92E+07,7687259.796,36929815.8,2.41E+06
LVYPFPGPIPN,1.27E+07,27055817.15,2.47E+07,4.98E+07,110212586.9,445966337.1,732125450.5,7.99E+08,37201927.18,88044599,635805495.7,189972042.1,756311068.2,90204573.83
LVYPFPGPIPNS,5.70E+05,1.35E+07,1.08E+06,1.35E+06,3.45E+06,9.68E+06,2.62E+07,3.92E+07,1.62E+07,5.40E+07,5.82E+07,7.57E+07,8.40E+07,
LVYPFPGPIPNSLP,5.24E+05,,,,,3.25E+06,1.07E+07,1.11E+07,,,,,1.03E+07,
LVYPFPGPIPNSLPQ,1.72E+06,,348633.6378,6.23E+04,1.71E+07,3.67E+07,6.03E+07,77848968.35,5.98E+06,1.89E+07,250642381.1,1.12E+07,69788200.81,6393874.116
LVYPFPGPIPNSLPQN,1.46E+05,686420.2498,9.82E+05,17623.69922,9.50E+06,1.82E+07,4.80E+07,69040036.11,5338446.741,37558967.22,77294932.13,15644554.37,129499102.8,4.59E+05
LVYPFPGPIPNSLPQNIPP,,,,3.76E+05,1836906.39,2561347.785,5741919.804,26884727.03,,1072246.305,9776583.748,,9362165.211,2260873.631
LVYPFPGPIPNSLPQNIPPLT,,,,,9.39E+07,1.53E+07,6.05E+07,5.03E+07,,,3.88E+07,,4.56E+07,1.16E+07
LVYPFPGPIPNSLPQNIPPLTQTP,,,,,1.41E+06,,3.53E+06,,,,,,3680438.789,2.63E+06
LVYPFPGPIPNSLPQNIPPLTQTPV,3.45E+05,,,,9.09E+05,1.48E+06,1.78E+06,1.97E+06,,,2.14E+05,,,
LYQEPVL,6.26E+06,8.92E+06,1.12E+07,1.97E+07,,,,,,,,,,2.91E+05
LYQEPVLGPVR,3.52E+07,77504344.91,6.05E+07,7.66E+07,,,2.26E+06,,,,8.06E+06,,1.35E+06,9.77E+05
LYQEPVLGPVRGP,7.40E+06,1.10E+06,6.00E+06,2.88E+07,1.51E+06,,4.86E+05,,,,,,,
LYQEPVLGPVRGPFP,2.70E+06,2.36E+05,1.56E+06,3.46E+06,2.34E+06,7.21E+05,4.80E+05,,,,1.18E+06,,1.27E+05,9426262.717
LYQEPVLGPVRGPFPIIV,5.65E+04,,1.08E+05,,3.50E+05,8.77E+05,2.67E+06,4.90E+06,,2.58E+05,1.43E+05,,1.64E+06,3.48E+05
LYQGPIV,5.06E+05,9.91E+05,3.46E+06,,,,,,,,,,,2.42E+06
LYQGPIVLNPWDQVK,,,2.20E+05,,7.25E+05,7.36E+05,4.84E+05,1.19E+05,,2.42E+05,1.37E+06,,1.10E+05,6.99E+05
LYQGPIVLNPWDQVKR,,,6.69E+04,,1.23E+05,1.20E+05,2.45E+05,,,,1.10E+06,,,
LYQGPIVLNPWDQVKRN,5.21E+04,,553846.0371,,697520.5002,6.74E+05,5.30E+05,,,,1771960.652,1.91E+05,1043308.812,3424277.342
LYQGPIVLNPWDQVKRNAVPITPT,9.69E+04,,4.56E+04,,1.31E+05,,,,,,3.58E+05,,,3.10E+06
MAINPSKE,,,2.02E+07,36109640,2.71E+06,,,,,1974955.765,,,2183437.973,3.12E+06
MAIPPKKNQ,2.98E+05,,4.25E+06,4.31E+06,1.89E+05,4.51E+05,5.13E+06,216094.4765,,,143177.8117,,,
MAPKHKEMPFPKYPVEPF,1.40E+07,,4.54E+07,,9.59E+06,1.37E+07,5.72E+06,7.33E+06,,,6.98E+06,,1.58E+05,2.74E+07
MAPKHKEMPFPKYPVEPFTE,,,1.44E+06,,3.10E+06,6.63E+05,1.42E+06,6.91E+05,,,1.05E+06,,,1.59E+06
MHQPHQPLPP,,1006906.772,,975781.875,,1307281.684,3557501.445,10769455.95,,,1803397.088,,,1.11E+06
MHQPHQPLPPT,3.80E+07,1.30E+08,1.30E+08,9.31E+07,3.99E+07,1.61E+08,3.30E+08,365735563.6,,,2.39E+08,2.98E+06,1.63E+08,2.22E+08
MHQPHQPLPPTVM,,,,,,,8.78E+05,5.32E+06,,,6.51E+06,,5627355.768,
MHQPHQPLPPTVMFPPQS,,,,,1.60E+06,2.74E+06,4.06E+06,2788747.008,,,7344277.599,,1196195.629,2797483.77
MHQPHQPLPPTVMFPPQSVL,8.72E+05,,610646.6159,,3.39E+05,175738.4003,5.43E+05,730199.8314,,,,,407515.1584,2.82E+06
MHQPHQPLPPTVMFPPQSVLS,,,,,1.24E+05,,3.13E+05,6.03E+05,,,,,,3.80E+05
MHQPHQPLPPTVMFPPQSVLSL,9.86E+05,,3.71E+05,,5.35E+05,,,,,,,,,1381687.065
MKPWIQPK,7.91E+07,5.69E+07,415774423.7,384068154,2.04E+08,4.37E+08,6.92E+08,4.34E+08,3.85E+08,145141844.5,472233188.2,4.50E+08,208553287.2,36894009.28
MKPWIQPKT,7.08E+06,,7.85E+07,714335.1094,,,1.87E+07,,,,,3.32E+07,,
MPFPKYP,2.70E+08,2.16E+08,1.27E+08,3.92E+08,1.51E+09,5.13E+09,5.28E+09,3299339344,7.87E+09,6.14E+09,4239351806,662675139.3,9148458766,12969471189
MPFPKYPV,6.40E+07,2.66E+07,3.95E+07,8.84E+07,6.78E+08,1.21E+09,1.10E+09,6.56E+08,4.46E+08,4.21E+08,7.16E+08,7.24E+07,1.76E+09,2.04E+09
MPFPKYPVE,,,,,1.48E+08,1.51E+08,1.10E+08,3.79E+07,2.23E+06,4.51E+06,8.84E+07,1.43E+06,1.40E+08,3.45E+08
MPFPKYPVEP,8.55E+06,2.75E+07,2.67E+06,1.68E+07,1.46E+09,1.14E+09,1.02E+09,2.52E+08,4931634.291,9595987.201,2.78E+08,14201944.16,2.62E+08,4.12E+08
MPFPKYPVEPF,2.76E+06,2.63E+06,8.85E+06,1.53E+06,8.49E+07,1.14E+08,2.09E+08,1.85E+08,,4.82E+05,2.46E+08,3.16E+06,1.95E+08,2.45E+08
MPFPKYPVEPFT,,,6.73E+04,,2.91E+05,8.88E+05,2.80E+06,3.50E+06,,1.24E+05,3.25E+06,2.30E+05,6.15E+06,2.03E+05
MPFPKYPVEPFTE,1.66E+05,1.14E+06,6.69E+05,5.95E+04,3.73E+06,9306080.722,3.30E+07,1.19E+07,,,1.28E+07,3.85E+05,1.63E+07,4909113.226
MPFPKYPVEPFTES,,2.96E+06,1.84E+05,,8.37E+05,2.51E+06,1.23E+07,1.02E+07,,,3.83E+06,,1.63E+07,1.38E+06
MPFPKYPVEPFTESQ,,,6.45E+05,,,1.61E+06,5.05E+06,2536915.214,,,1007246.857,,1.65E+06,5.76E+05
MPFPKYPVEPFTESQS,4.46E+05,291537.9859,5.25E+05,,1.99E+06,1.53E+06,5.26E+06,5.07E+06,,,9.66E+06,,5.57E+06,1.27E+06
MPIQAF,1.00E+08,25530432.53,2.54E+07,1.26E+08,77444222.34,257934769.2,3.01E+08,58019600.39,33703976.07,60018469.91,187783068.8,94150161.54,159226239,93629385.91
NAVPITPT,3.08E+07,5.27E+07,1.72E+08,1.48E+08,,,4.25E+07,4.25E+07,,,2.19E+07,8.38E+07,,
NAVPITPTL,9.47E+05,3.70E+06,2.58E+06,4.84E+06,4.75E+06,3.96E+06,4.72E+06,3.08E+06,1440446.821,3.56E+06,3.47E+06,8.69E+06,2.56E+06,4.01E+06
NAVPITPTLNREQL,,,,,2.63E+06,1.02E+06,1.45E+06,1.89E+06,,,,,826187.905,882807.0197
NENLIREI,1.91E+06,7.60E+05,1.33E+06,3.37E+06,3.09E+05,5.42E+05,2.40E+06,,,,3.32E+06,1.43E+06,,
NENLLRF,1.36E+10,1.99E+09,9.59E+09,9.69E+09,7.75E+07,1.67E+08,2.14E+08,3.37E+07,3932671.8,4.45E+06,3.70E+07,2.80E+07,7.32E+07,3.86E+08
NFLKKIS,8.48E+06,,,,5.34E+07,4.60E+07,80367586.76,135452198.8,87385922.51,114979317,69080051.28,222858204.8,134629253,2.70E+07
NIPPLTQ,,,,,,,3.16E+06,1.02E+07,8.73E+06,,3.42E+06,8.18E+06,1.45E+07,1.22E+07
NIPPLTQTP,1.38E+06,39597223.54,1.21E+07,2.03E+06,1.30E+07,1.96E+07,2.22E+07,105578480,124974223.5,110862469.1,23116384.82,47679764.79,68980390.7,2.03E+07
NIPPLTQTPV,1.86E+06,2.09E+06,21195267.27,13481082.25,3487148.683,1.14E+07,1.68E+07,3.21E+07,3156198.758,2975835.643,2.37E+07,7312625.491,3.87E+07,4.69E+07
NIPPLTQTPVVVPP,1.56E+06,3.55E+06,3.45E+06,8226463.75,2.57E+06,5274861.054,8.17E+06,2815568.238,,,8.08E+06,4.06E+06,6416388.202,7162673.361
NIPPLTQTPVVVPPF,,,,8.89E+04,,7.28E+06,7.65E+06,1.60E+06,,,1.19E+07,7.13E+06,2.77E+06,3.00E+06
NIPPLTQTPVVVPPFL,,,,,,1761519.099,,,431878.8032,,,3720328.396,2789418.049,
NIPPLTQTPVVVPPFLQPE,,,,,1849241.357,6886481.157,13406074.68,1.14E+07,,831219.6099,2.41E+07,2.62E+05,19637919.16,27997805.88
NIPPLTQTPVVVPPFLQPEV,,,,,8.26E+05,4.10E+06,9.79E+06,1.09E+07,,,16766993.67,,10220455.64,
NIPPLTQTPVVVPPFLQPEVM,,,,,7.21E+06,16782351.1,21187570.46,9837369.694,,,15186095.5,,3833073.603,4.37E+06
NLHLPLP,2.51E+07,4.76E+07,2.23E+07,2.91E+07,1.04E+07,4.73E+07,8.47E+07,4.72E+07,4.94E+05,2.54E+06,7.01E+07,10846336.31,5.92E+07,44763782.57
NLHLPLPL,6.20E+07,117925957.9,5.90E+07,58337194,1.97E+07,1.11E+08,2.38E+08,1.62E+08,424836.0864,1904977.519,1.47E+08,14705928.11,1.89E+08,1.49E+08
NLHLPLPLL,1.43E+05,2.11E+08,1.36E+05,7.18E+05,130427.3122,240282.7422,,,,,311032.2817,,387098.8691,
NLHLPLPLLQ,4.66E+06,1.89E+06,4305125.293,1.05E+07,3955409.497,7977293.34,19604096.88,,,,,,,
NLHLPLPLLQS,2.06E+06,2.61E+07,3.49E+06,,,5.35E+06,7.59E+06,,,,,,,
NPKLPL,5.99E+07,596012831.7,6.78E+07,54834152,2.01E+08,4.98E+08,3.99E+08,377730911.9,942492400.5,1210878466,339261598.2,95777240.08,370361976.9,305849272.1
NPWDQVK,,1.42E+07,,,7.42E+07,99037920.73,193990881.3,30417972.97,267945112.7,246965956.9,1.47E+08,1.29E+08,,6.33E+07
NPWDQVKR,,42168481.38,,,240053153.5,319017398.7,294295007.8,252589480.6,347361033.6,532273935.5,204962668.3,367626355.1,76369193.61,2.31E+07
NQFLPYPY,2.15E+05,37501.54625,84654.99011,279031.0313,4.86E+05,1.45E+05,,,,,,,,7.92E+06
NSLPQNIPPL,1.11E+07,22771804.54,2.66E+07,1.14E+07,1.17E+07,2.22E+07,2.98E+07,2.38E+07,,,1.94E+07,5629533.137,7.69E+06,4.50E+06
NSLPQNIPPLT,,1.03E+07,3.93E+04,,1.01E+07,4265239.071,27267686.42,58255344.43,1234483.881,5703456.299,9.99E+06,2051444.838,45290218.82,2726775.146
NSLPQNIPPLTQTP,2.32E+05,3.66E+06,8.77E+05,2.74E+05,3.48E+06,4.84E+06,7.23E+06,1.46E+07,,,4.88E+06,,9.80E+06,8.46E+05
NSLPQNIPPLTQTPVVVPPF,,,,,,1.44E+06,2.36E+06,2324141.148,,,3317111.758,,,768067.0816
NSLPQNIPPLTQTPVVVPPFLQPE,,,,,3.58E+06,3.09E+06,6.27E+06,1.18E+07,,,1.38E+07,,3.31E+07,4.81E+06
NSLPQNIPPLTQTPVVVPPFLQPEV,,,,,,2.09E+06,3.79E+06,8.45E+06,,,1.24E+06,,2.26E+06,6.50E+05
NSLPQNIPPLTQTPVVVPPFLQPEVM,2.43E+05,,7.99E+05,28517.32031,4.72E+06,1.58E+06,11721213.04,11572982.1,,,2720760.616,,13264626.96,4.13E+06
NVPGEIVE,4.71E+08,1.69E+08,3.38E+08,9.76E+08,5.19E+08,2.35E+08,2.11E+08,1.54E+08,194593280.9,1.97E+08,1.96E+08,3.24E+08,1.47E+08,235056434.2
NVPGEIVESL,1.30E+06,1645011.895,2.28E+06,5181430.25,8.63E+05,2.84E+05,,,,,,1140912.935,,
NYYQQKPVAL,2.42E+06,,2.86E+06,,2.08E+06,,,,,,,,,7.52E+06
PEVFGK,7.34E+06,9.85E+05,1.45E+05,2.56E+06,7.23E+05,8.17E+05,4.95E+05,,344142.9852,,,,,
PFPEVFGK,4.15E+06,2.87E+06,1.14E+05,6.57E+06,1873420.655,242372.7063,110787.9995,,172449.1618,192761.8146,,,,
PFPEVFGKE,4.50E+05,4.21E+06,3.45E+05,2.20E+06,1.83E+06,7.62E+05,8.72E+05,,,,,3.68E+05,,
PFPEVFGKEK,1.30E+07,29265244.86,,9.89E+06,3.96E+06,1.63E+06,1.76E+06,4.75E+05,944912.2732,2.89E+06,1.19E+06,1.23E+06,1.47E+06,1.14E+06
PFPGPIPN,,2.46E+08,8.40E+05,3.21E+07,1.40E+08,1.32E+08,2.20E+08,1.46E+09,5.30E+09,1.64E+09,2.66E+08,1.82E+08,3.85E+08,7.38E+07
PFPGPIPNSLPQ,,82986.0718,,,,,2.33E+05,1.06E+06,4924147.553,2004871.981,4.12E+05,473657.061,,
PFPKYPV,4.58E+05,3.66E+07,,3.39E+06,3.84E+07,9.06E+07,8.99E+07,1.86E+08,4.24E+08,2.73E+08,2.02E+08,1.26E+07,2.10E+08,1.81E+08
PFPKYPVE,,,,,1.12E+07,1.32E+07,9.01E+06,2.16E+07,5.77E+06,8.88E+06,4.15E+07,,3.13E+07,4.13E+07
PFPKYPVEP,2.53E+05,9.65E+06,,8.01E+05,9.44E+07,1.31E+08,1.19E+08,1.60E+08,17740018.62,21761179.27,1.29E+08,5545447.214,82476863.77,168166366.8
PFPKYPVEPF,2.19E+05,8.90E+05,7.41E+05,7.06E+05,5.97E+06,6.32E+06,6.99E+06,1.60E+07,4.69E+05,1.11E+06,1.54E+07,5.95E+05,8.44E+06,1.26E+07
PHHPLH,,829176.8688,,,1.30E+07,1.59E+07,76438856.03,88974051.45,147194893.4,222642284.4,,147203681.2,37598937.97,8.36E+07
PKHPIK,,13346950.95,,,,,,,1.09E+05,9.95E+04,,,8.04E+06,
PKTKVIPY,2.31E+07,5.39E+06,1.19E+08,5.90E+07,76767679.84,1.52E+08,1.01E+08,7.28E+07,,,4.39E+07,10850941.11,2.11E+07,53636064.83
PKYPVEPF,3.71E+06,6.15E+05,7498428.059,1.99E+06,,2.37E+06,2.11E+06,,,,1.80E+07,1.07E+06,,41136181.51
PNPIGSE,,,,,,2.33E+05,5.11E+05,788996.3498,,372725.7036,,,,
PPAYPFP,,402012.4361,,,790421.5734,571863.7286,1.27E+05,,,,,,,
PPFLQP,2.53E+06,4.63E+06,7.09E+05,1.37E+07,3.68E+06,2.19E+06,1.10E+07,1.16E+07,28243627.19,16630400.56,4.59E+06,2.66E+06,1.74E+06,1.33E+06
PPFLQPE,1.07E+06,8.38E+06,1.22E+06,4.09E+06,8.72E+06,6.85E+06,1.46E+07,2.51E+07,1.88E+07,1.04E+07,1.05E+07,8.26E+05,1.76E+07,1.06E+07
PPKKNQDKTEIPTI,,1.14E+07,5.20E+05,5.88E+05,1.54E+06,6.08E+05,6.29E+05,,5.41E+05,1.04E+06,,,4.78E+05,
PPPLLSH,6.51E+05,3.96E+05,2.75E+05,1.98E+06,1.13E+06,1.46E+06,8.52E+05,6.20E+05,,,922476.4359,,676991.7961,1760563.509
PQNIPPL,,,1.70E+06,495114.375,,315571.0512,,,,,,,,405885.2451
PSERYL,5.12E+07,156290346.7,5.92E+07,6.88E+07,2.58E+08,1.03E+08,91844249.2,268376424.4,1425666782,297784855.9,51152340.69,61891072.11,127034185.5,37050453.89
PSERYLG,1.16E+07,,1.25E+07,1.53E+07,1.49E+07,1.94E+06,,2.49E+06,3.90E+06,5.92E+05,3.13E+06,3.62E+06,,
PSERYLGY,1.37E+06,,4.18E+06,2.62E+06,2.85E+06,,,,,,,,,
PVLGPVR,,1.56E+07,,2.21E+06,5.74E+07,7.10E+05,1.75E+06,,3897366.883,,,8.25E+06,6.49E+05,
PVLGPVRGPF,5.24E+06,,4702858.01,7.70E+05,11325030.55,7.86E+06,3.20E+06,,,,2.20E+06,,2.25E+06,8633261.052
PVLGPVRGPFP,5.67E+06,1.47E+06,7.70E+06,1.46E+06,2.37E+07,21644091.74,5131189.744,,118367.1379,198624.5254,3107240.958,297744.7356,1210187.327,1.17E+07
PVLGPVRGPFPI,5.28E+04,,,9.48E+04,2.69E+06,1.48E+06,6.25E+05,4.54E+04,,,3.38E+05,,,3.91E+06
PVRGPFPIIV,2.53E+05,150619.4734,2.24E+06,4.61E+05,1.21E+05,128675.8549,178985.6475,,,,177470.3174,,,487237.7895
PVVVPPF,,1.41E+06,,1.47E+06,19135073.84,28440555.12,2.74E+07,264015353.1,249043198.7,996946104.2,3.85E+08,5.66E+08,208831401.5,174084348.3
PVVVPPFL,,,,5.64E+04,4.62E+04,,,,6.10E+06,5.67E+06,,2.78E+05,,3.62E+06
PVVVPPFLQP,,5.54E+05,,1.18E+05,3.55E+06,1.25E+06,1.93E+06,,4772308.007,6.41E+06,3.25E+06,711116.0275,5.98E+06,4.97E+06
PVVVPPFLQPE,2.22E+05,1.53E+06,1.24E+05,4.81E+05,2.54E+06,1.85E+06,2.28E+06,1.92E+06,3995999.147,3248427.658,2427308.517,272883.4123,9.01E+06,1.16E+07
PWDQVKR,3.37E+07,,7.12E+07,,1.16E+07,7.95E+06,5.93E+06,6.47E+06,9.45E+06,8.28E+06,,,,4.45E+06
PWIQPK,,1.44E+09,1.03E+07,47829756,3.47E+08,1.43E+08,2.19E+08,9.33E+08,3.60E+09,1.41E+09,6.03E+08,1.11E+09,2.93E+08,6.42E+07
QDKIHPF,1.57E+08,3255168018,3.68E+08,920709409.7,3.94E+08,287857144.6,229376733.9,383581934.8,55391641.58,549773512.4,159537359,8.09E+08,256962689.6,
QEPVLGP,2.66E+06,3.22E+07,3.55E+06,4.60E+06,1.37E+07,7.95E+06,1.13E+07,2.44E+07,1.80E+07,1.62E+07,8.91E+06,6.13E+06,1.16E+07,2.82E+06
QEPVLGPVR,9.03E+07,5.54E+09,331147369.2,4.23E+08,1.68E+06,1.40E+08,917961639.7,5.16E+06,270079565.1,4761466.438,670640211.3,1.63E+09,621871528.1,
QEPVLGPVRGP,1.88E+07,1.27E+08,4.26E+07,7.04E+07,5.11E+06,6.76E+06,7.98E+06,4.23E+06,5992387.576,7366129.364,7.79E+06,6.10E+07,,
QEPVLGPVRGPF,4.59E+05,1.68E+06,3.50E+05,9.55E+05,1.30E+07,2.58E+07,2.67E+07,7.68E+06,10531877.59,2437706.275,45124421.2,13215741.44,29881162.62,1.01E+07
QEPVLGPVRGPFP,1.09E+08,30089399.75,1.29E+08,317857078.4,1.00E+08,2.45E+08,1.95E+08,5.47E+07,,,8.88E+07,1632333.144,4.43E+07,5.16E+07
QEPVLGPVRGPFPI,2.97E+06,1699241.175,2.26E+06,13938922.93,25360115.98,39697781.71,52587943.92,30915013.11,,,4.87E+07,5.48E+05,47326895.81,92307974.07
QEPVLGPVRGPFPII,,,2.05E+05,1.46E+06,9.48E+05,6.56E+06,9785768.306,,298457.5757,,38174777.64,4372250.356,2771588.731,2.41E+07
QEPVLGPVRGPFPIIV,1.45E+07,,17149965.82,2.48E+07,6.10E+06,898759.8233,2658246.462,2512375.806,,,11642453.64,,3031795.389,21732686.66
QGPIVLNPW,1.21E+06,2.02E+06,9.04E+05,6.96E+06,4.40E+06,4.03E+06,6.76E+06,9212077.532,3769455.126,7458026.54,1.74E+07,1.51E+07,9.95E+06,9991060.914
QGPIVLNPWDQ,1.67E+05,,4.20E+04,4.47E+04,1.91E+06,5.90E+05,1.22E+06,6.03E+05,787954.1929,106814.8026,2.76E+06,2.89E+06,7.94E+05,714843.0493
QGPIVLNPWDQVK,1.11E+05,1.89E+06,,2.10E+06,2.23E+06,2.30E+06,3.96E+06,7.50E+06,4.79E+06,3.63E+06,4.30E+06,3.08E+06,5.02E+06,1.65E+06
QGPIVLNPWDQVKR,4.28E+05,8.75E+04,1.67E+05,2.49E+05,3.40E+06,2.05E+06,3.81E+06,4.79E+06,2.99E+06,,5.75E+06,5.46E+06,7.10E+06,5.10E+06
QGPIVLNPWDQVKRN,,,59427.09809,,9.12E+05,,1.18E+06,3.43E+06,7.23E+05,,3.29E+06,1015792.007,2.77E+06,1.55E+06
QGPIVLNPWDQVKRNA,,,,,,,3.38E+05,1542178.245,,952849.2558,2.00E+06,1.31E+06,2.11E+06,
QKFPQY,1.15E+08,253744616.1,1.72E+08,58788144,3.01E+08,299035282.4,288956749.8,756012115.4,298026660.6,492745520.1,684811828.6,748561828.6,352983851.8,2.13E+08
QKFPQYLQ,9.65E+05,,,,1888157.703,528747.4391,301990.9642,,,,1.13E+06,,,10417223.57
QLDAYPSGAW,9.78E+05,1.03E+06,4.82E+05,3.90E+06,,,,,5.75E+05,5.45E+05,6.69E+05,1.89E+05,1.24E+05,
QLEIVPN,1.51E+06,1.71E+07,4.47E+06,6198597.125,3.21E+06,1.37E+06,1.86E+06,1.16E+06,,,,2047874.246,,
QNIPPLTQTP,,3913631.167,,,1442956.313,9.37E+05,2379105.184,7242326.625,,,,,3629511.086,
QNIPPLTQTPVVVPPFLQPE,,,3.24E+05,,6.58E+05,2.05E+06,2.19E+06,1.01E+06,,,1.82E+06,,7.60E+06,5.99E+06
QNIPPLTQTPVVVPPFLQPEVM,,,,,,2.09E+06,1.72E+05,,,,,,2.73E+05,1.02E+05
QNPKLPL,6.61E+07,1.88E+08,1.34E+08,1.08E+08,3.05E+07,2.42E+07,2.46E+07,1.70E+07,3.14E+07,3.80E+07,1.59E+07,1.12E+07,2.06E+07,5.85E+06
QPHQPLPPT,9.17E+06,382948961.8,12151657.18,26813164,2.76E+07,8.35E+07,154692975.8,169238740.6,4.19E+07,230783277.7,129880461.3,3.79E+08,2.14E+08,8.96E+06
QPHQPLPPTV,4.38E+07,117147698.9,8.65E+07,21897625.5,4.72E+07,4.66E+07,4.09E+07,1.36E+08,1.42E+08,7.17E+07,1.40E+08,3.06E+07,1.93E+08,5.01E+07
QPHQPLPPTVM,,2.13E+07,,,,,,736911.901,,7698404.263,7.03E+05,,5608693.377,
QPLPPTVMFPPQS,,3.20E+06,2.12E+04,,8.22E+04,947792.4217,2144607.33,792816.871,,307006.8364,4.12E+06,308877.6411,5820220.874,
QPQSQNPKLPL,2.18E+06,,1.45E+06,1043161.688,1.79E+06,,,,,,,,,
QSKVLPVPQ,4.75E+07,2.59E+08,1.41E+08,2.52E+08,3.55E+07,1.82E+08,5.47E+08,6.83E+08,,3.32E+08,,1.31E+07,3.66E+08,2.43E+07
QSLVYPFPGPIPN,8.23E+04,8.40E+05,6.87E+05,9.61E+04,1.19E+06,6.79E+06,1.51E+07,9.02E+06,,8.39E+04,1819248.815,1.33E+06,1.97E+07,9.42E+05
QSLVYPFPGPIPNS,7.39E+05,4.81E+05,,2.36E+05,,2.73E+05,1.38E+06,1482294.899,,,402939.6944,511760.4823,6237688.35,
QSLVYPFPGPIPNSLPQ,,466907.6168,3.17E+05,,2.58E+06,9.30E+05,4.49E+06,2.05E+05,,,3.54E+05,,2.90E+06,
QSLVYPFPGPIPNSLPQN,,,4.03E+04,,3.58E+05,6.79E+05,2.82E+06,4.79E+06,,,,1.79E+05,1.35E+07,
QSWMHQPHQPLPPTVMFPPQS,,,,,,7.59E+05,2.86E+06,3.45E+05,,,,,7.77E+05,2.35E+05
QTPVVVPP,1.27E+06,6.62E+07,4.79E+06,1.16E+07,9.40E+06,1.07E+07,9.73E+06,5.40E+07,9.90E+07,1.51E+08,2.39E+07,9.02E+07,3.12E+07,1.42E+07
QTPVVVPPF,2.66E+06,72015860.42,6345508.231,7334426,1.31E+07,8.63E+06,2.51E+07,126126630.1,152615846.9,200281102.6,36068576.19,163783418.8,68539576.98,7275219.907
QTPVVVPPFL,8.47E+05,29865515.74,192667.7882,18155420,1.46E+07,3.96E+06,6.43E+06,2.07E+06,248183480.5,467603824.4,5.58E+06,175198299,6.93E+07,1.81E+06
QTPVVVPPFLQ,,,20645.66533,,,1.94E+05,5.72E+05,1.88E+06,814673.242,544308.8944,4.62E+05,1084342.659,2.27E+06,
QTPVVVPPFLQP,,1.50E+07,353881.8617,1628707.125,9.86E+06,5435215.576,5.05E+07,8.47E+07,123022159.3,235073534.1,11063144.35,34773303.67,1.37E+08,3.23E+06
QTPVVVPPFLQPE,6.98E+05,6.01E+07,8.47E+05,6.58E+06,3.19E+07,1.17E+07,4.85E+07,2.84E+08,180134983,182879988.8,23633995.73,9583015.774,3.20E+08,5.61E+07
QTPVVVPPFLQPEV,,,,,,,2.24E+07,4.14E+07,28777753.8,3.67E+07,6.69E+06,,9.16E+07,
QTPVVVPPFLQPEVM,,1.44E+07,8.90E+05,2.33E+05,1.70E+08,2.39E+07,7.96E+07,1.41E+08,15146801.29,64270719.96,2.30E+07,5158596.199,1.22E+08,5.83E+07
QTPVVVPPFLQPEVMG,1.01E+05,1.25E+05,2.38E+05,,6.63E+04,,5.51E+06,7.21E+06,,5.17E+06,3.61E+06,1.73E+06,1.25E+07,1.33E+05
QTPVVVPPFLQPEVMGVS,,,,,993027.2993,1.34E+06,7.68E+05,10676901.42,3.80E+05,,,,5.64E+06,
QTPVVVPPFLQPEVMGVSKVK,,,,,,,1.35E+05,6.59E+04,8.81E+04,,,,6.83E+05,
QTPVVVPPFLQPEVMGVSKVKEA,,,3.98E+04,,8.03E+05,133227.345,5.83E+05,1219722.29,,,352903.6939,,1222058.156,
QTPVVVPPFLQPEVMGVSKVKEAM,,,,,,2.45E+07,3.86E+07,26503615.23,,,,,16517235.76,2.35E+07
QTQSLVYPFPGPIPN,,,5.86E+05,,8.93E+05,2168564.165,7969718.308,2477677.226,,,,,5703409.178,5.40E+05
QTQSLVYPFPGPIPNSLPQ,1.41E+05,,1.20E+05,,,2.83E+05,1.07E+06,,,,,,1.50E+06,
QTQSLVYPFPGPIPNSLPQN,,,1.70E+04,,2.10E+05,2.06E+05,2.04E+06,1.58E+06,,,922548.4978,,5222823.576,
RDMPIQA,2.88E+09,4.54E+09,2.28E+09,3.22E+09,1317362384,1022318643,923181010.1,783410270.2,373910906.5,1325703242,1.36E+09,2.12E+09,1.45E+09,9.09E+08
RDMPIQAF,5.88E+08,5.46E+07,2.98E+08,3.89E+08,4.04E+07,6.27E+07,3.44E+07,,,,2.45E+07,4938815.54,,2.23E+08
RDMPIQAFL,2.15E+07,,2081032.698,4524916.875,,,,,,,,,,1.25E+06
RDMPIQAFLL,3.96E+07,579586.316,5.22E+05,8072732.609,,,,,,,,,,
RDMPIQAFLLY,3.61E+04,,,,,,2.76E+05,,780988.4905,531988.5941,,2.29E+05,2.80E+05,
RELEELNVPGEIVE,2.32E+06,1.06E+07,1.44E+06,3.53E+05,2.15E+06,1.41E+06,1.11E+06,,,,,,,2.75E+05
RHPHPH,,12659705.3,,,14315320.77,27505010.05,2.93E+07,8.21E+07,5.32E+07,1.20E+08,99604264.3,76414928.35,94883574.63,8.16E+07
RHPHPHL,5.81E+04,3.04E+05,1.19E+05,2.29E+05,8.20E+06,4.02E+07,2.17E+07,3.08E+07,7.72E+07,5.80E+07,5.66E+07,5.66E+07,6.10E+07,7.01E+07
RINKKIE,7.70E+05,6.19E+05,4.19E+05,1.61E+06,4.51E+05,,6.93E+05,5.38E+05,,6.97E+05,4.75E+05,3.62E+05,2.75E+05,153894.8098
RINKKIEK,1.02E+06,3586683.755,6.85E+05,3113318.617,108065.7562,1186057.435,381584.6226,98845.72985,1.70E+05,103364.926,78578.02325,1.17E+05,52842.04449,7.16E+04
RINKKIEKF,1.56E+08,7.48E+07,9.75E+07,70950420.42,1.13E+07,11416517.13,4.01E+07,1.06E+07,,1.91E+07,3.60E+07,2.79E+07,29951085.95,3533206.499
RLLKKKY,5.78E+06,,4106186.149,148059.9063,,,,1.79E+05,,,,,,
RNAVPITPT,9.01E+06,,,,,,3.13E+07,6.91E+07,,,4.56E+07,,,
RNAVPITPTL,,1017718.962,,,,,7.30E+05,8.27E+05,,,,,,957281.3422
RNAVPITPTLN,2.13E+06,,4559310.075,687760.125,5075355.546,1.02E+07,1.46E+07,5.09E+06,,,9004969.345,,,11570004.87
RPKHPIK,1.24E+08,8.75E+08,3.86E+08,4.66E+08,5.19E+08,8.65E+08,5.53E+08,7819306875,6027061717,8.19E+09,2780475604,4.41E+09,5.68E+09,2431459803
RPKHPIKH,2.86E+08,5.61E+07,2.77E+08,1.53E+08,24226715.29,36313235.74,24935755.35,83037829.54,62911899.51,92218753.49,22474180.82,25635227.58,117210791.2,18649618.78
RPKHPIKHQ,2.41E+09,258038585.9,1.83E+09,8.57E+08,2.06E+08,3.05E+08,2.21E+08,1.09E+09,4.84E+08,7.42E+08,5.79E+08,4.51E+08,7.27E+08,2.58E+08
RPKHPIKHQG,5.74E+07,5.04E+07,1.48E+08,2.63E+08,4.48E+07,7.05E+07,5.43E+07,6.45E+07,4.41E+07,4.48E+07,2.33E+07,4.11E+06,1.92E+08,1.42E+07
RPKHPIKHQGLP,3.41E+07,6.50E+07,3.92E+07,4.57E+07,3.04E+07,2.53E+07,3.33E+07,9.25E+06,,,6.46E+06,,5.97E+05,9.98E+06
RPKHPIKHQGLPQ,6.89E+09,3.73E+08,3.77E+09,6.70E+08,1.43E+09,2.36E+09,1.03E+09,590605791.1,537910048.1,657617352.1,406667795.2,2.57E+08,407427104.1,4641980999
RPKHPIKHQGLPQE,1.30E+09,4.42E+07,1.40E+09,176772146.9,4.02E+07,1.19E+07,1.02E+07,1.06E+06,1684458.218,1807832.509,2.50E+05,384415.0378,2.65E+05,4.11E+07
RPKHPIKHQGLPQEV,4.87E+08,,9.03E+07,7.91E+06,,1.98E+05,,,,,,,,2.02E+06
RPKHPIKHQGLPQEVL,7.42E+09,3.05E+06,3.79E+08,6.16E+07,,,,,,,,,,8.33E+06
RPKHPIKHQGLPQEVLN,2.22E+09,1357159.218,4.33E+08,4.77E+07,,,,,,,,,,
RPKHPIKHQGLPQEVLNEN,1.25E+07,,,,,,,,10955612.61,,5353863.412,8671306.391,,
RQFYQL,8.02E+06,,2.07E+06,,,,,,2336301.759,,,,,15451265.18
RYLGYLEQL,6.22E+06,278400.6461,1.48E+06,11563678,,,,,,,,,,
RYPSYGLN,,,,,,1.29E+06,1036258.668,1728591.743,,,,,,18833288.88
SDIPNPIG,7.51E+05,6691218.744,4.80E+06,9276417.5,2.72E+07,21873414.79,28962672.64,87558530.82,134539587.8,177268294.1,1.24E+08,204257111.4,272673633.8,289553610.5
SDIPNPIGSE,3.00E+06,12083644.03,1.18E+07,1.36E+07,1.66E+07,2.10E+07,3.21E+07,51642388.62,84212734.41,39479524.04,4.65E+07,238829619.7,41317362.3,1.07E+07
SDKIAKYIP,9.86E+06,,1.58E+07,,29709408.95,1.74E+08,1.63E+08,5.39E+07,,,1.26E+08,,2.80E+08,7.32E+07
SDKIAKYIPI,1.40E+07,,1.38E+07,15294024.75,9.56E+06,12560018.18,5255525.67,3839335.634,1012519.339,5756871.676,4237138.166,274763.7376,5.80E+06,71804580.46
SERYLGY,1.30E+08,5.27E+07,1.18E+08,84693167.75,,1.17E+06,1.33E+07,1.78E+07,70265329.38,1509642.986,2.61E+07,25181479.06,1805767.693,
SIISQETYK,3.97E+08,6.78E+08,1.54E+08,909175531,7.50E+07,5.50E+07,3.68E+07,1.22E+07,3.98E+07,3.03E+07,1.37E+07,9.58E+06,1.12E+07,1.59E+07
SITRINK,1.75E+06,2.34E+06,,1.15E+06,2.71E+06,1.42E+07,1.79E+06,330732.8556,,,351482.0971,,,
SKVLPVPQ,1.02E+08,,459154086.5,3.14E+08,,2.83E+08,1.09E+09,6.77E+08,1.91E+08,,5.86E+08,333447102.3,9.68E+08,6.59E+08
SKVLPVPQKAVPYPQ,1.04E+08,,7.08E+07,8.97E+07,4.77E+07,67824744.11,14351304.66,,,,,,,293257641.3
SKVLPVPQKAVPYPQRDMPIQA,1.22E+06,,285886.3388,,1.75E+06,,,,,,,4.47E+05,,2.71E+06
SLPQNIPPL,3.87E+07,1.45E+07,3.14E+08,1.50E+08,1.62E+07,3.63E+07,6.20E+07,94591560.56,919837.895,6005103.058,8.08E+07,27330168.32,44399094.69,8.05E+07
SLPQNIPPLT,,1.90E+07,2.71E+05,,1.60E+07,2.14E+07,6.02E+07,1.40E+08,,2435474.238,18774680.54,1221579.194,5.91E+07,1.86E+07
SLPQNIPPLTQTP,7.50E+06,11867287.36,1.50E+07,15621885,1.80E+07,3.55E+07,4.86E+07,1.18E+08,,637118.3037,3.60E+07,1871966.559,3.23E+07,2.80E+07
SLPQNIPPLTQTPVVVPP,3.07E+04,,5.12E+04,5.44E+04,4.52E+05,2.74E+06,5.09E+06,5.35E+06,,,2.89E+06,,2.77E+06,1.57E+06
SLPQNIPPLTQTPVVVPPFLQP,,,,,,18128250.47,42085081.41,7959849.671,,,,,24040227.17,1.52E+06
SLPQNIPPLTQTPVVVPPFLQPE,,,,,1.07E+07,58365097.35,7.43E+07,57021012.93,,,9164764.681,,64741581.16,6.83E+07
SLPQNIPPLTQTPVVVPPFLQPEV,,,,,2.62E+06,3.02E+07,3.86E+07,3.03E+07,,,,,4.02E+07,2.76E+07
SLPQNIPPLTQTPVVVPPFLQPEVM,2.33E+06,,8.02E+06,,3.60E+07,8.42E+07,1.08E+08,7.53E+07,,,9.04E+06,,2.96E+07,4.64E+07
SLPQNIPPLTQTPVVVPPFLQPEVMG,4.01E+05,,4.13E+05,,2.42E+06,6.48E+06,7.72E+06,6.64E+06,,,2.14E+06,2.68E+05,4.41E+06,
SLPQNIPPLTQTPVVVPPFLQPEVMGVS,,,,,3.68E+06,8.86E+06,1.64E+07,3.39E+06,647052.0455,3.67E+05,7.91E+06,,,
SLSQSKVLPVPQ,2.60E+08,6.44E+05,5.65E+08,2.85E+08,7.19E+07,4.20E+08,4.41E+08,1.98E+08,,,1.31E+08,,1.31E+08,5.59E+08
SLSQSKVLPVPQK,5.87E+07,,1.38E+08,43524332,4.92E+07,1.32E+08,1.60E+08,9.05E+07,,,80014210.12,,28544665.61,8.56E+07
SLSQSKVLPVPQKAVPYPQ,3.00E+07,,56193655.42,2.43E+06,1.77E+06,2.73E+06,,,,,,,,111003259.8
SLTLTDVENLHLPLP,3.42E+04,1039751.404,2.72E+05,,,4.89E+06,5.97E+06,5261898.649,,,7.41E+06,,4077636.802,
SLVYPFPGPIPN,1.75E+06,4.27E+06,4.39E+06,2.11E+06,1.14E+07,8.84E+07,140481290.2,58244624.27,1319043.026,2300601.294,3.70E+07,16511909.1,92755685.43,38853344.73
SLVYPFPGPIPNS,,842976.7774,1.82E+05,1.00E+05,6.16E+05,3.24E+06,7.10E+06,4.96E+06,5.20E+05,1.52E+06,1.11E+07,7.80E+06,2.19E+07,3.78E+05
SLVYPFPGPIPNSLP,3.25E+05,,,,,2.09E+06,1.07E+06,1.95E+06,,,,,3.02E+06,6.97E+05
SLVYPFPGPIPNSLPQ,,,5.91E+05,,,4.81E+06,1.69E+07,1.34E+07,,,4.37E+07,,1.17E+06,6.60E+06
SLVYPFPGPIPNSLPQN,,,1.54E+05,,2.56E+06,4.95E+06,2.10E+07,1.48E+07,,1.17E+06,7.74E+06,5.88E+05,3.18E+07,1.02E+06
SLVYPFPGPIPNSLPQNIPP,,,3.32E+04,,,2071961.282,4354915.567,4284350.807,,,3.35E+06,,1893851.716,616726.2573
SLVYPFPGPIPNSLPQNIPPLT,,,,,1.33E+07,1.94E+06,15749415.15,1223002.764,,,9.04E+05,,4.10E+06,10396567.58
SLVYPFPGPIPNSLPQNIPPLTQTP,9.82E+04,,,,114258.8273,1.07E+06,1.78E+06,1885607.255,,,631207.147,,1.63E+06,1796335.773
SPAQILQ,1.82E+07,,1.84E+07,3.24E+06,,9.67E+06,1.46E+07,3562285.78,,,12739712.23,,1.10E+07,3.71E+06
SQNPKLPL,3.84E+07,19392319.89,1.86E+08,72213847,1.46E+07,7.37E+06,1.16E+07,1.70E+07,15927478.82,15594012.82,9248851.466,14504354.1,1.06E+07,1.12E+07
SQNPKLPLSILK,3.19E+06,,4.14E+06,,1053136.728,2711357.934,3074916.61,1.32E+06,,,2.80E+05,,4.24E+05,
SQSKVLPVPQ,2.95E+08,151309794.7,919047734.9,764982741.4,1.05E+08,9.35E+08,2.95E+09,1.48E+09,11178870.77,13731026.09,1.95E+09,752217395,1.13E+09,5.30E+08
SQSKVLPVPQK,,61819124.74,86535937.32,56474218,1.33E+07,6.42E+07,1.39E+08,1.24E+08,,36488639.22,241944.0668,38886888.58,217172577.4,
SQSKVLPVPQKAVPYPQ,5.92E+07,,4.46E+07,4.82E+07,6.96E+07,6.06E+07,1.38E+07,,,,1.30E+06,1.51E+06,,3.05E+08
SQSKVLPVPQKAVPYPQRDMPIQAFL,5.87E+05,,8.06E+04,,53373.43056,,,,,,,,,297592.0997
SQSLTLTDVENLHLPLP,3.18E+05,,131671.6862,,344704.3107,1.76E+05,7.05E+05,2.48E+05,,,3.54E+05,,,247974.0522
SQSLTLTDVENLHLPLPL,3.26E+05,,7.52E+05,,1.63E+06,,,,,,,,1636621.423,
SRYPSYGL,4.27E+06,,,,1.85E+06,,9.87E+05,,,,,,,8.04E+07
SRYPSYGLN,1.11E+07,,9.58E+06,3366192.5,3.38E+06,,,,,,,,,1.10E+08
SVLSLSQSKVLPVPQ,1.08E+06,,2.11E+06,1536313.438,3.17E+05,3.30E+05,,,,,,,,1273395.061
SWMHQPHQPLPPT,3.12E+07,,9769750.534,7.51E+05,2.88E+07,3.41E+07,7.30E+07,6.00E+07,4.19E+06,6.62E+06,2.76E+07,,4.69E+07,2.88E+07
SWMHQPHQPLPPTV,5.25E+05,,2254820.37,6.88E+05,,,1.78E+06,2.24E+06,,,,,1393394.027,
SWMHQPHQPLPPTVM,,,,,,6.79E+05,6.68E+05,767351.0652,,,,,5.55E+05,
SWMHQPHQPLPPTVMFPPQ,,,3.28E+04,,1.56E+05,,2.02E+06,764511.1141,,,278154.0119,,841979.9623,1.84E+06
SWMHQPHQPLPPTVMFPPQS,3.07E+05,,3.06E+05,130711.6992,1.25E+06,2.47E+06,4.02E+06,1.34E+06,,,1.10E+06,,1.28E+06,3.68E+06
SWMHQPHQPLPPTVMFPPQSVL,2.25E+05,,4.84E+05,,1.35E+05,2.03E+05,5.91E+05,,,,,,,1745883.614
SWMHQPHQPLPPTVMFPPQSVLS,3.50E+04,,4.81E+04,,6.60E+05,277638.0397,631255.5573,,,,,,,1.89E+06
TDAPSFSDIPNPIGSE,,851407.2894,,,161241.6266,151510.5883,2.49E+05,340897.5328,,,270901.7255,1.69E+06,6.73E+05,959407.2543
TDVENLHLP,,3.62E+06,315870.4727,,7.93E+05,7.10E+05,7.05E+05,2.76E+06,1.13E+06,2.49E+06,3.64E+06,9.91E+06,2.44E+06,
TDVENLHLPL,118182.0503,,146239.7784,,151771.1678,523034.8925,656517.0425,1268268.767,159196.8167,505336.5308,2632889.705,2247317.068,1080612.576,571291.0048
TDVENLHLPLP,492895.0621,8873849.508,379732.7516,349213.8984,2528074.705,5008219.973,8992063.716,7514253.803,1082855.729,1345308.928,26902780.26,6409426.027,5875829.354,1165820.031
TDVENLHLPLPL,,9424075.924,1463470.975,812803,3719806.555,13289927.93,20905038.4,38040347.49,1233934.254,1917601.138,20700042.7,7533743.653,35032077.05,14345786.65
TDVENLHLPLPLLQ,,,356054.5835,,2201140.086,5646613.747,20009839.78,13136686.19,,,1749722.831,,5357220.603,6869107.426
TDVENLHLPLPLLQS,,,,,,1402481.867,7370348.881,10526845.72,,,,,7551683.409,749438.8958
TEDELQDKIHPF,15273138.35,108136076.5,26599922.72,33458869.13,197834297.9,192746948.7,175111817.3,700120626.9,866415793.4,943160013.3,520141166.7,231454782.4,578355645.7,519470407.9
TEDELQDKIHPFA,,46351042.96,,,,,3873927.853,8279373.652,,8767900.227,,,9016164.683,
TKVIPYVRYL,,,,,3536458.216,1811921.667,1426324.078,,,,,,,3983537.225
TLTDVENLHLP,,1442878.039,85260.19494,62068.78906,,195598.072,260925.3525,1802050.631,,,241317.5325,66097.98283,388457.8395,127898.9755
TLTDVENLHLPL,48155.22941,,34621.97006,,143629.7031,744589.9493,1300122.811,790074.6248,,,1705978.483,,806188.1187,439230.2786
TLTDVENLHLPLP,624027.3171,11032788.56,486950.6253,1306883.375,3192369.972,5045580.858,7652755.932,6144603.279,,,9300540.844,801529.0904,4463160.02,2961147.687
TLTDVENLHLPLPL,2726671.62,7502504.289,,,,10254708.78,22261426.68,8586787.856,,,21387159.65,,13761874.96,7490737.76
TLTDVENLHLPLPLL,788149.27,,,,2760309.965,4452372.97,16092483.82,3655334.763,,,6873561.289,,14804015.74,7565322.67
TLTDVENLHLPLPLLQ,119563.4335,130299.214,288681.8816,122998.8594,1238866.492,116769.4198,3179254.614,,,,,,236967.0133,39986.84959
TPVVVPPF,42436675.35,344624186.2,29444364.41,59239172,1033468513,1178793697,1083636586,2579072242,4145440885,5814477860,2112067586,4864940975,1669951234,1417441187
TPVVVPPFL,116643768.9,475088120.3,21765388.52,464636455.7,228204702,124222346.1,50362854.02,53960582.07,212448209.7,332518615,8909326.297,123481877,33826390.42,31906389.21
TPVVVPPFLQ,629729.7562,,153908.6516,814978.25,22261104.35,10496382.5,10028627.52,5718551.101,4612748.372,1484174.159,8401870.411,6280842.692,6010477.322,4777579.015
TPVVVPPFLQP,11247787.74,60217983.38,3283135.338,28831968.77,154103788,57057683.46,78443742.18,57908533.97,123547962.6,129808100.4,26927354.34,23113848.15,42920252.04,18972547.84
TPVVVPPFLQPE,29345282.99,258325848.7,5524287.125,97534820.13,244887592.8,60588870.86,56474250.08,97682076.05,112811806.2,55824974.74,29129120.27,6935606.444,111231697.6,143609830.4
TPVVVPPFLQPEV,,,,,,,,5445106.339,8261699.245,2588717.624,,,1724925.815,
TPVVVPPFLQPEVM,1723229.112,7048017.05,2375569.963,21383141,4877575.542,3793529.825,4358751.879,14752774.87,8459549.666,3607528.328,7214261.353,2568395.389,12949730.5,10318928.16
TPVVVPPFLQPEVMG,46947.01799,,,,,,,,261172.8215,662573.426,1872180.071,,216189.5257,120961.9274
TQSLVYPFPGPIPN,110794.9239,,327000.6469,,433687.2137,1761877.995,4397073.873,1422023.989,,,,,3528635.348,1761963.167
TQSLVYPFPGPIPNSLPQN,,,,,172067.1639,67062.63207,713041.9838,573904.1802,,,,,2346896.252,
TQTPVVVPP,48537324.84,184506649.4,285652752.7,294276049.5,153098744.1,99867613.81,111865279,232440895.4,327184339.6,195249490.1,225918576.1,548683422.5,110609151.4,68533509.97
TQTPVVVPPF,110026337.8,122830705.3,246668748.6,282512943,56973690.95,45741358.36,55457658.31,54949094.28,35556761.47,14036462.56,84431991.83,62821817.41,38722787.85,28371386.9
TQTPVVVPPFL,24860032.1,17805398.32,26803116.56,441197612,15335066.9,8652266.844,5469793.795,11598260.17,53195875.6,60953789.58,14950622.73,144160101.3,9749245.822,2327863.441
TQTPVVVPPFLQP,9221419.844,8201147.997,7368420.919,62566887.2,9712065.5,6436068.452,11383397.94,15643415.44,17893181.67,14364149.34,9587220.469,11020108.83,8998671.438,2368941.104
TQTPVVVPPFLQPE,11427618.45,22944169.85,13154249.08,111205257.9,30492148.66,23156528.29,29825375.05,58059341.68,39513681.78,22645319.83,39663555.53,15292522.67,68419747.47,59091390.83
TQTPVVVPPFLQPEV,,,,,,1006857.179,2157977.807,4913150.696,,,,,3910640.195,3209009.629
TQTPVVVPPFLQPEVM,2113202.175,,239928.1281,1454931.875,2038642.521,2787684.836,1869585.292,8511737.99,,,560182.7431,,3798033.454,11784801.48
TWLKPDPS,3366561.616,39973053.9,20633910.55,22481072.5,7097019.601,,8870599.202,7813352.13,,,27567650.58,27115074.88,8631553.195,
TWLKPDPSQ,10739714.19,2430842.071,76616453.18,38853833,1764530.676,,,,,,,,,
VAPFPE,1805443622,1964351510,5732922894,4265657965,545042172.6,143397557.5,156843056.2,143769090.7,51895985.43,228464940.8,256032394.5,257715877.7,137553162.8,211179594.6
VAPFPEVF,,4027452.002,113255.1169,4784138.5,113618.0448,320536.7139,402124.2371,405326.1145,382017.5038,,135002.8663,221782.9095,444881.5317,280519.5913
VAPFPEVFG,1360761.499,55252267.01,561611.2039,9609111,2083900.212,726386.193,730141.7175,583509.2187,242825.5416,986451.6461,1633326.534,915755.7601,331487.5232,399748.0446
VAPFPEVFGK,59095231.6,11799652.19,13443693.16,184981155.8,12190944.61,2208138.213,1165409.147,733369.9044,761948.0587,2838235.73,1711264.085,2414247.764,1448309.66,2653543.975
VAPFPEVFGKE,14824771.6,42922138.22,6339195.128,101699948,15316725.93,5671426.455,3652867.284,2233815.886,287595.6754,1086104.873,2800424.638,1213103.203,813381.2492,2465216.972
VAPFPEVFGKEK,268140981.8,462910053.3,25921017,261992151,59461629.67,23741149.11,30301033.99,13560559.94,14296638.14,22953134.89,11292653.92,11766330.31,14380103.47,6332913.596
VAPFPEVFGKEKV,4713484.427,4305494.032,794496.7207,9649869.5,1359203.939,907842.2349,433102.3681,,244263.0751,643276.4043,,813213.909,,
VAPFPEVFGKEKVN,,3296299.005,,,2188830.837,820749.7093,1265101.579,874046.5867,,,546585.7303,780591.6663,616810.8129,
VAPFPEVFGKEKVNE,1657926.526,42120270.94,,1187367.156,7266996.78,899525.7081,1227552.411,1844325.887,2082415.239,2426238.215,6103338.444,1814191.637,307751.0922,
VAPFPEVFGKEKVNEL,1881933.814,1457101.105,408542.6779,2341231.875,1431935.692,567900.3783,1045752.933,,187069.8022,472177.0287,701788.6635,1469413.569,434467.9021,2129044.216
VAPFPEVFGKEKVNELS,,2781037.432,239045.9378,337620.6875,1027467.633,159361.9098,204687.4872,533096.6132,,,495132.2598,,,
VEELKPTPEGDLEIL,,264380.9297,,,,231495.7884,235250.3724,801293.9905,,,202254.7115,,,
VENLHLPLP,600929.3515,2335351.179,482556.8932,463962.0938,1042371.846,2012304.044,2587459.934,3108378.593,,,4288196.844,449154.3374,2202032.268,1014799.776
VENLHLPLPL,621483.0643,2236753.189,797903.699,549536.8281,1035570.644,2749031.792,5316901.889,9756568.516,,58072.9175,3560060.248,838956.1131,7145945.768,3728944.358
VFGKEKVNEL,1607809928,2607251436,1388710596,2992102785,46490345.06,225348964,440994409.6,125315613,9863289.771,60834456.76,234327781.6,122843977.6,79631204.21,30368633.34
VIESPPEIN,615712879.9,,732172649.5,52157845.88,17378726.33,,867068237,236064895,431565948.7,431730817.7,26590840.85,451844308.1,220275925.5,26176669.26
VKITVDDKHY,,,,,,,10369992.52,7933669.331,11642113.84,9213242.502,,24564241.7,10298862.95,
VKITVDDKHYQ,13776000.91,1237359.177,,15147364,29821754.42,80454732.41,93175423.7,43318789.16,18426912.49,7205000.024,70259102.43,239632233.9,138447809,14652905.08
VKITVDDKHYQK,,8767377.997,,,,,,,9655570.667,28644540.01,15271081.32,30075560.37,23380111.88,
VKITVDDKHYQKA,,,,707006.5,,1227315.649,7619195.674,3448690.696,4387004.195,1531472.983,3522649.296,3798292.764,3675003.013,2013886.706
VLGPVRGP,182837984.3,307375326.2,341597375.2,299729976,94682518.83,65742549.73,77017371.63,,21198726.9,24122455.8,,240249934.6,6009286.521,
VLGPVRGPF,7001777.932,1159568.993,15369402.41,,119095419.3,78374911.31,94058903.85,16381476.3,4160773.212,597471.3812,74745475.06,5897230.309,112047038.4,161618495
VLGPVRGPFP,1894389250,1746518.955,3508349759,891110458.3,1225001221,648598460.4,289759275.8,17596880.85,,,69869398.17,,14418021.74,652728926.9
VLGPVRGPFPI,451249501.9,1033821.29,206106533.2,249443496,367524466.6,139360164.4,66321452.97,5653478.108,,,19452154.4,,4504258.679,542374400.4
VLGPVRGPFPII,381305.0548,,184322.7786,257532.5703,1666330.063,1251023.354,467068.284,,,,3235466.826,,,5899466.799
VLGPVRGPFPIIV,10596604.19,,5946132.647,1408212.75,,,,,,,,,,10889427.8
VLNENLLR,463288281.2,90515137.94,222490093.7,359471852.3,,8116358.306,5897488.325,,,,,,,
VLNENLLRF,1476508538,16067597.78,103053285.5,557153925,5665259.743,8856952.537,7546954.814,,,,381396.5013,,,6991929.583
VLNPWDQ,14999135.46,2987873.666,13274958.12,16267342.75,64071897.05,83870856.4,67218526.89,74978862.9,79834505.24,2679131.744,145682743.1,106581110.2,72679050.93,145988832.6
VLNPWDQV,,179009.3531,,,7557488.583,7390863.944,3492602.78,5367714.516,6336314.799,2585770.225,8034725.511,2231504.975,7617055.809,7188371.953
VLNPWDQVK,,6823471.487,234155.3169,2734655.688,147803123.4,101606233.4,89243117.56,127472957.7,182928233.5,145971950.1,141788736.6,143195992.8,100036963.4,55458872.44
VLNPWDQVKR,2208050.095,5032954.767,1207585.65,2510137.5,158162058.7,191719011.5,159610467.9,206150589.5,271879038.1,262040099.3,90530169.67,101374275.3,97595254.81,28525851.47
VLNPWDQVKRN,,1515933.975,,,28385773.92,47552060.22,40777687.58,41066635.49,40922944.84,51649849.26,18398434.56,33928729.48,21054574.78,5574459.141
VLPVPQ,243201069.1,2260553029,413469646.9,376228620,1546805927,2073545790,4678526628,4315408139,5778260576,5079377307,5197782421,9156309023,4621676620,3021825381
VLPVPQK,,2844679719,,,,,368734793.7,510628445.6,,1926450813,264176737.4,756415894.8,,
VLPVPQKA,499370.023,15724657.01,2869386.515,875567.5625,,,,,,,,,,
VLPVPQKAVPYPQ,10122895.48,,5049222.548,9285239,26222996.99,40778389.89,7130014.542,,,,,761268.3861,,94599932.05
VLPVPQKAVPYPQRDMP,411666.2953,,324530.8861,283787.25,5142864.897,1964227.844,619171.4956,,,,,,,
VLSLSQSKVLPVPQ,4557932.759,,6942270.849,231713,3788612.608,260561.1511,,,,,,,,586918.8451
VLSLSQSKVLPVPQK,2205534.83,,3824604.159,,7450725.653,1614397.166,393727.3362,,,,,,,
VLSLSQSKVLPVPQKAVPYPQ,24216863.32,,20942787.11,,5599678.992,,,,,,,,,1760552.097
VLVLDTDYK,,1575172.435,,,,,,,,1865644.142,251371.7634,1165852.987,,
VMFPPQS,9414373.554,63742152.29,26238650.81,38082249.88,3177241.334,17198881.87,16252436.57,18612141.84,2041821.652,6951390.72,24146860.79,7015138.309,30854064.64,14944767.58
VMFPPQSVL,1322964.038,1553563.939,1536407.347,2647513.375,176142.4297,445421.7801,1762072.001,4346673.8,,,,,4481579.644,2189201.71
VMFPPQSVLS,770776.0323,5981165.277,812560.3529,1087183.594,1130356.237,648430.6773,2112338.24,5785773.926,,,,,2871422.545,1718065.211
VMFPPQSVLSL,37109.67169,203412.02,58643.64403,535495.375,443556.9058,,,168663.1191,121354.195,,,,,967490.872
VPGEIVE,995958147.2,2971965054,282117235.9,738657915.6,4767739983,3180702723,2268923890,715993632.1,989900044.6,2097810741,779455746.2,408724282.3,349290572.3,400328775.1
VPITPTL,24788218.28,81823897.62,9741772.959,31992428,71553740.98,48400251,41420308.98,18246358.59,51460582.34,63516443.16,28320627.6,58585272.41,24026819.72,14156815.57
VPITPTLNR,6824212.722,14342760.11,,3252463.125,31482612.64,10708985.04,17908258.91,6644354.412,11096634.46,21816235.37,,31796083.81,10360474.21,
VPITPTLNRE,1009776.32,,,,23156434.63,22646371.66,20395346.77,3046960.114,6124355.152,8927199.884,1669949.605,,5821498.56,3009804.298
VPITPTLNREQL,,1692911.548,,,10567024.2,8214760.835,12201684.24,5891087.167,,3870651.221,,5087352.752,5153648.427,2404918.567
VPLGTQY,19563325.91,35554249.11,13150240.33,13504478.5,18707674.15,32449409.43,38867341.62,29243057.86,3963837.749,6955047.27,49485193.88,17014180.77,43531019.74,8077171.865
VPPFLQP,5261936.555,13761577.91,2583272.385,8050993.25,147708971.4,110213113.3,132974019.3,47433224.64,81216680.25,101305739.1,69621685.49,34592545.04,52020643.23,26934228.2
VPPFLQPE,183678801.4,198429850.8,40052917.87,192415866.5,699497348.3,587503961.1,678736336.2,180364058,250296174.4,241616140,331319088.9,76326513.35,403569898,293574181.6
VPQLEIVPN,252562361.8,666956015.4,196547513.3,861675241.1,293568181.5,116118115,63400994.65,19579936.66,,,17976298.89,,915618.8769,23916608.07
VPQLEIVPNSAEERL,55582.82007,5214699.82,586351.0364,,554180.4252,201506.4747,118508.3406,,,,,,,
VPQLEIVPNSAEERLH,294426.2469,28667413.42,2012736.938,,2078805.113,1744955.401,869546.3637,357788.1148,,,2024084.563,,,
VPSERYL,1413587633,1618140927,684717389.8,1787176159,2893329902,1501244562,901697056.2,174266252.3,27121402.94,1023911968,229382291.7,128033964.6,44309326.68,91010903.23
VPSERYLG,659473797.4,314453656.6,285512265.6,610292044,508660398.5,198957075.6,139054108.6,39309756.9,,8490061.372,24234550.59,50462773.07,6085592.039,29157022.48
VPSERYLGY,251516030,25552879.29,51885777.27,91432984,623234518.6,250684379.2,119484289.7,4995321.37,,,17414252.93,,1832936.805,26642411.46
VPSERYLGYLE,,2401780.57,,,3615801.118,1276628.939,1605013.409,,1287042.766,614023.6924,,708929.7261,281253.2781,1646134.25
VPSERYLGYLEQ,,,,,1925106.307,768015.1152,800073.9514,,,,263241.789,,,
VPSERYLGYLEQL,186739.3695,460085.4502,567152.7973,,755518.8745,231172.6601,223100.8224,127178.3656,,,,,,678031.9373
VPYPQRDMP,250203262.7,332507716.5,266205297.1,107116691.6,847836440,1397272151,2295475201,1004384894,42688109.35,228193348.5,1558983216,287003136.2,698821818.9,300202357
VPYPQRDMPI,1875829.014,,228525.3175,907599.125,10187181.67,55002421.48,53558079.5,16764606.27,,3064807.943,33985149.81,1391338.319,12616432.15,47747056.18
VPYPQRDMPIQ,645729.8352,,,,18709675.05,52077317.48,19912083.68,8052324.292,,,33739643.91,,1775248.458,42090696.91
VPYPQRDMPIQA,13750790.14,,1657659.224,5426906.125,49681334.06,73978315.16,39162132.62,920130.8958,,,8803568.862,,1574289.716,38142220.38
VSKVKEAMAPKHKEMPFPKYPVEPF,202835.2066,,2230967.104,,261592.8491,,,,,,,,,514014.6551
VVPPFLQPEVM,574270.1007,2422065.694,495270.3296,2220863.852,4287042.504,6739665.692,7012814.203,13323053.58,1487154.697,1726142.629,10590743.14,1195948.173,6299223.607,4064172.36
VVVPPFL,19878793.09,51108114.55,44145967.16,83295262.13,58939392.19,31571966.04,12118315.17,76530831.16,67060247.47,113540982.9,48074259.41,173943494.8,37929063.55,50519614.98
VVVPPFLQ,91104.56541,67480.94933,149350.4275,241815.8203,3640549.826,2695489.368,2075374.291,8109733.367,1461589.092,657948.6866,9172430.232,5086975.955,5645171.606,5479533.968
VVVPPFLQPE,33801839.45,251886234.1,45237096.55,55019968.5,142112650.7,110260590.3,190839352.3,682302230.4,95595320.45,176132783.1,159198150.3,21088177.29,360190379.6,231590171
VVVPPFLQPEV,,,,91437.46875,3001757.851,6204003.271,18252862.94,124321170.6,9821317.169,28573205.57,23720906.26,,48841800.59,19916073.77
VVVPPFLQPEVM,426632.1353,6616507.369,198002.6125,859511.2656,862660.0915,1062855.459,1511115.88,8239137.488,899717.1567,1346601.448,1413389.857,688264.3143,2443034.104,1047583.419
VVVPPFLQPEVMGVS,325094.6713,,,,690534.6732,2087665.716,1065737.835,1947504.804,,,,,3023061.292,697424.4846
VYPFPGP,242944.7062,3191972.132,907292.2838,405365,6420891.028,10824758.34,6445704.994,20393776.23,11789000.47,21858387.47,9753548.681,2053140.262,8902462.571,7844693.206
VYPFPGPIP,590782.664,3298632.267,1194339.576,727729.6875,406061.6287,582138.6214,2910502.066,15761818.38,6039235.4,21431747.77,2283897.119,4330537.625,9192182.313,966332.2281
VYPFPGPIPN,13684366.38,15193733.72,18162911.67,50596939.47,18310482.66,46001661.12,90949675.52,413459585.1,92990118.94,116689083.5,56832686.05,89272786.46,178465792,60333904.61
VYPFPGPIPNS,336537.2466,7596352.55,704408.4461,1355768.188,452110.6614,1334521.563,4507348.485,22759636.98,35839962.8,75645507.12,7465455.382,33440412.73,22951538.21,263939.6411
VYPFPGPIPNSLP,69572.18927,,,,,133422.653,2089252.779,5463345.76,657343.3105,5802968.156,988661.8553,1019212.637,5287574.993,
VYPFPGPIPNSLPQ,293351.6334,75065.11219,42411.95722,,2719332.118,6022837.465,11738509.01,32845900.31,14070113.32,25866531.7,37793071.46,12843997.05,19439988.48,4007129.156
VYPFPGPIPNSLPQN,,293626.0243,43327.53521,,1147633.466,2211185.251,13535056.64,42323772.89,7369504.187,28813412.05,10892617.98,5402059.098,43750239.2,370078.9149
VYPFPGPIPNSLPQNIPPLT,,,,,17976822.83,1968622.888,14814134.39,31819089.1,,213263.0228,6543410.286,,13068212.75,13297465.23
WIQPKTKVIPY,7655434.554,767077.0436,4858189.555,2743928.75,,2083471.738,1486223.703,1844889.743,,202119.0034,262636.1669,,,2475295.698
WLKPDPSQKQT,29817898.33,5784703.623,,1537080.75,,,2104534.888,3421804.36,,,,,3580669.674,1746319.663
WMHQPHQPLPPT,2144804.73,,,2426908.75,,5485521.018,14857520.54,18512956.71,,,,,17990695.28,36327513.41
WMHQPHQPLPPTVMFPPQS,152604.9736,,184582.8207,,1650989.478,5718789.058,3491530.789,249332.752,,,7962013.802,,635101.8881,1061830.635
WMHQPHQPLPPTVMFPPQSVL,628798.5552,,503117.6574,,190389.6662,265531.6141,328321.8211,,,,,,,
WMHQPHQPLPPTVMFPPQSVLS,51463.39435,,71631.39656,,105321.3193,53568.0432,71707.88047,,,,,,,150296.8679
YAKPAAVRSPAQ,1315615.285,,4758396.606,580408.75,4065571.546,4172097.781,,,,,475253.8329,,524242.604,3931466.732
YFYPELFRQ,143756.2302,100824.9445,1284186.585,,,,,,,,259654.0676,,,
YFYPELFRQF,,,307005.124,,,,302923.6135,438009.9302,142275.5363,303230.9006,177555.3155,,311450.4514,
YKVPQLE,8607090.853,66939123.06,3545838.471,12367404.5,81176543.58,52013341.49,35273261.03,26662194.97,10876537.64,15385481.32,37378788.2,18142599.29,8652044.141,2951524.572
YKVPQLEIVPN,4366010.217,7584149.666,4860428.096,19061651.5,31352023.1,13815791.89,6028529.892,4810799.111,,,5109817.644,,,3884270.372
YLEQLLR,31843022.57,33078420.54,13611121.1,,4711154.417,1684882.287,3723006.071,1251236.992,,338696.4894,1632524.587,,2899209.508,9242940.787
YLEQLLRL,25928838.26,1972107.11,10553615.02,18736348.38,145778.4321,199681.8816,205049.9031,,,,,,,87711.42363
YLGYLEQL,776815.2189,2176221.108,120890.861,1109045.188,204858.7087,101115.9411,112315.4421,163285.0321,,,,,212201.7678,99473.86606
YLGYLEQLLR,291179.4912,164296.5465,616322.2981,252133.5625,119668.4539,95705.68306,144695.2358,,,,,,,
YPELFRQ,4376387.807,1540264.556,1684462.216,4968629.188,3942759.039,2798003.913,2111280.978,,,,2420188.271,3189642.52,1424293.813,10443801.87
YPFPGP,6718563.339,36679706.2,11025989.34,18494212,261710310.3,375509543.2,396425629.5,2388572392,3487683005,2361038280,2875962613,93188310.99,3236995861,2350729185
YPFPGPI,15379925.81,5655264.56,6529254.59,9119104.203,82314837.47,59655760,47358164.5,36763980.27,92288904.83,41375558.51,60238306.41,14198948.3,161339349.9,173197832
YPFPGPIP,15156393.37,41435651.97,13482187.8,24478380.84,328455095.1,357129071,330527907.7,214504177.5,566095784.9,164233890.4,262777887.6,63097284.75,454901094.4,415082375
YPFPGPIPN,2963501866,2655178134,2348647007,3970083040,8742844391,12131136444,11007977001,14029459888,23082197726,15610835874,20120760468,7907222944,17025776072,15437641440
YPFPGPIPNS,22638533.52,58558090.39,10355329.44,37936584.25,54476233.81,76071057.29,85376468.15,67317273.46,197748702,259447205,102236501.2,157914922.4,44166437.8,25915960.42
YPFPGPIPNSLPQ,834695.7606,147620.8189,,302278.5469,2550108.057,6861841.015,13208497.98,12984909.54,17804445.54,13190418.42,17819973.2,4858443.167,6288134.658,2498668.735
YPFPGPIPNSLPQN,,,,,,852851.4065,2479012.992,17377294.7,14939112.43,30547251.79,4718455.878,2698368.992,6595780.688,
YPPAYPFP,3145636.879,1317793.283,7873863.159,9707897.188,11341352.16,5463404.49,6056448.844,,,,,,82965.58552,881855.7997
YPSGAW,4664759.51,22841324.09,4111389.114,11541168.25,10900206.01,22291125.95,20507811.6,21650019.65,32236548.28,57873310.59,45688223.11,31175467.6,26762218.21,17992741.21
YPSYGLN,7569847.802,1318071.946,4886335.813,4563511.875,17173314.85,35774815.39,37899991.06,7329069.466,,,26737647.26,3837687.685,67691142.92,62404338.04
YPVEPFT,,44540293.46,,,,,1975646.53,1828111.677,7478680.219,6106092.837,654752.996,4872534.119,11151247.31,
YPVEPFTE,,87080244.21,,,593565.7498,1802610.089,12026689.88,7025347.241,19780645.89,9807596.442,2709047.532,5229127.106,21624118.98,
YPVEPFTES,,370492038.4,2461660.399,,,494792.2997,5403191.961,6970142.334,17283136.27,17086408.63,,12431373.18,23085920.58,2114747.549
YPVEPFTESQS,,79291550.75,551087.27,,672792.8777,1110029.255,4551573.182,3123926.966,,,12151734.25,6072819.598,9202786.258,
YPVEPFTESQSLT,,958012.0296,,,,,567384.8909,,,,387363.5174,,275303.1748,
YQEPVLGP,23173475.58,44776483.62,51575026.04,29520791,6207391.863,2655600.301,4018711.601,,4194341.061,1289059.141,665811.0151,9918030.497,5572431.59,8783818.739
YQEPVLGPV,,1333660.592,,1328393.375,,232120.7691,165457.8691,,312965.0489,,533947.844,129169.9717,289537.6267,
YQEPVLGPVR,558951379.9,4386309203,1065819891,872422920.5,115793190.6,130972669.9,207045067.5,162269031.8,298928145.7,109532978.7,198142025.9,404747860.7,373673830.9,39465719.15
YQEPVLGPVRGP,81735524.77,39997324.52,68239505.27,231372928,12432253.48,14210493.22,22570996,,7927413.261,10162994.27,7099859.339,65357841.62,,
YQEPVLGPVRGPF,1247429.475,146476.5526,369804.8534,2024744.906,4445026.199,5703708.19,6930749.843,2210352.282,3009395.436,700884.9765,6075992.199,2545528.362,11812116.96,10512477.74
YQEPVLGPVRGPFP,229761871.3,9468896.05,39580383.3,490301729.1,173811155.4,86363708.96,78420765.43,29445682.67,,,22110586.34,1010284.355,44197876.38,149692933.7
YQEPVLGPVRGPFPI,5245540.904,955313.7978,2205267.763,4894349.488,6797825.929,2795059.625,4624026.293,3720096.545,,553260.292,3573004.467,43174.58393,6796709.01,89301406.63
YQGPIVLNPWDQVK,253696.9688,241801.5182,344695.0413,35754.07422,4406334.43,6033171.347,14414893.81,3303791.65,,,13353695.76,2097077.027,4694731.728,2641397.932
YQGPIVLNPWDQVKR,,,197945.8489,,1957819.744,1830485.274,4086690.51,1682102.646,,,10608436.87,4403006.486,6629824.982,3002925.016
YQGPIVLNPWDQVKRN,,,842648.8095,,1741622.806,3868504.595,4399780.557,4644786.29,,,17994238.71,3941166.114,6090482.093,7102891.269
YQGPIVLNPWDQVKRNA,,,86750.93913,,1204330.261,931271.6441,3253658.354,1914959.843,,,6368417.257,2908912.823,5468090.98,
YQGPIVLNPWDQVKRNAVPITPT,179141.3932,,247859.4013,,2850896.048,972891.667,1613853.29,,,,4153519.625,,,5590410.988
YQGPIVLNPWDQVKRNAVPITPTLN,68325.07467,,276790.9123,,1601812.722,416957.9151,634191.6658,192608.1445,,,,,,304104.104
YQKFALPQ,4493355.479,,816525.3664,,9020053.827,,,,,,,,,15329955.07
YQKFPQ,2244956.062,,69997046.6,36820790,12027430.27,8677990.089,,62092700.75,,,,,32869317.7,9245736.979
YQKFPQY,534788126.5,,719570825.4,333139080,100629575.5,50404144.74,30254994.02,32964859.02,,,31946377.88,1685775.892,13274057.61,278712399.5
YQKFPQYLQ,2140572.476,,1922005.238,719094.375,,,,,,,,,,1412160.804
YQQKPVAL,48192385.98,21965925.64,10619641.07,,,80255293.24,75626162.64,,,82811951.98,170112978.1,187954939.5,197985756.7,
YVPLGTQ,4220984.866,,6660240.925,12503632,28235369.71,14628170.34,4289654.236,,,,,24331735.12,,
YVPLGTQY,15943919.11,11364969.25,3819835.986,25755450,1067906.482,1586919.61,2162861.099,,,,8424575.96,2268653.364,3202094.351,4779325.6
YYQQKPVAL,12155509.91,,16792652.49,4810159.125,389321.5021,,,,,,,,,22042176.62
YYVPLGTQ,953256.7314,,1411487.763,1347932.625,,572086.5538,,,,,436757.23,,,488902.8049
YYVPLGTQY,,3034759.27,3013081.836,,4575249.637,9139782.625,9364475.152,40613174.7,,47495295.46,,8456254.967,26330605.23,
